"","region","age","burst.rate","burst.dur","spikes.in.bursts","CV.IBI","num.n.s","n.s.peak","n.s.dur","fir.rate","burst.fir.rate","corr","theta.burst"
"C57_CTX_G2CEPHYS1_DIV07_TC01_A","ctx",7,0.48,0.508,25.604,0.788,0,0,0,0.0658472344161545,26.5704985481956,0.054819137234315,0.176470588235294
"C57_CTX_G2CEPHYS1_DIV07_TC02_A","ctx",7,0.78,0.63,46.518,0.618,0,0,0,0.123971475589687,22.2503063517473,0.0722919825161478,0.116279069767442
"C57_CTX_G2CEPHYS1_DIV07_TC03_A","ctx",7,0.3,0.6035,17.658,0.369,0,0,0,0.0104223806911684,13.9404466896968,0.0358175435060766,0.166666666666667
"C57_CTX_G2CEPHYS1_DIV07_TC04_A","ctx",7,0,0,0,0,0,0,0,0.0877577885037297,0,-0.000877577885037297,0
"C57_CTX_G2CEPHYS1_TC11_DIV07_A","ctx",7,0.72,0.3705,43.6615,0.812,0.197498354180382,11,0.01525,0.0916172920781216,35.975848544195,0.100877210345723,0.159090909090909
"C57_CTX_G2CEPHYS1_TC11_DIV07_B","ctx",7,0.72,0.336,20.168,0.771,0.0658327847267939,11,0.00633333333333334,0.097651964011411,26.1413851954384,0.0740239054253979,0.242424242424242
"C57_CTX_G2CEPHYS1_TC12_DIV07_A","ctx",7,0.48,0.249,36.691,0.734,0,0,0,0.054318007242401,33.9433732122866,0.0274556735422228,0.125
"C57_CTX_G2CEPHYS1_TC12_DIV07_B","ctx",7,0,0,0,0,0,0,0,0.00274333369911116,0,-3.51146713486228e-05,0
"C57_CTX_G2CEPHYS1_TC21_A","ctx",7,0.3,0.7115,1.647,1.227,0,0,0,0.0669446883230904,11.0477725353799,0.00991624679849514,0
"C57_CTX_G2CEPHYS1_TC21_B","ctx",7,0,0,0,0,0,0,0,0.0367647058823529,0,-0.000367647058823529,0
"C57_CTX_G2CEPHYS3_DIV07_TC01_C","ctx",7,0.72,0.437,22.791,0.7935,0,0,0,0.0647568872791132,30.213419369431,0.044630395830112,0.225806451612903
"C57_CTX_G2CEPHYS3_DIV07_TC02_C","ctx",7,1.38,0.823,43.526,0.791,0.131708923279552,11,0.0113660714285714,0.17561189770607,28.9675659602636,0.0709690862376732,0.145833333333333
"C57_CTX_G2CEPHYS3_DIV07_TC03_C","ctx",7,0.96,0.498,52.695,0.6465,0,0,0,0.0971353309186697,34.8203025740191,0.0596595251071387,0.147058823529412
"C57_CTX_G2CEPHYS3_DIV07_TC04_C","ctx",7,0.9,0.654,48.478,0.695,0,0,0,0.186587641312699,21.3505949706381,0.043646060725626,0.111111111111111
"C57_CTX_G2CEPHYS3_DIV07_TC05_C","ctx",7,0.24,0.826,26.126,0.589,0,0,0,0.0356711667215454,9.27652940867234,0.0268633265976343,0.25
"C57_CTX_G2CEPHYS3_TC11_DIV07_C","ctx",7,0.78,0.341,29.5245,0.737,0.526835693118209,12,0.0189375,0.205246405443969,45.4206526627599,0.0972724263670983,0.15
"C57_CTX_G2CEPHYS3_TC11_DIV07_D","ctx",7,0.48,0.428,28.792,0.821,0,0,0,0.0373175282625398,24.6314773908526,0.0478369492649233,0.137931034482759
"C57_CTX_G2CEPHYS3_TC12_DIV07_C","ctx",7,0.42,0.219,73.874,0.383,0,0,0,0.0104269564262979,44.248011109259,0.0629957047315075,0.0714285714285714
"C57_CTX_G2CEPHYS3_TC12_DIV07_D","ctx",7,0.42,0.377,36.1,0.616,0,0,0,0.0345735923608824,38.2214876652102,0.0480681160190005,0.0555555555555556
"C57_CTX_G2CEPHYS3_TC21_C","ctx",7,0.18,0.84,1.413,0.7385,0,0,0,0.0274393590165734,7.27489438901277,0.00374275525632558,0
"C57_CTX_G2CEPHYS3_TC21_D","ctx",7,13.44,2.422,69.426,0.702,0,0,0,0.083415651410383,8.08890839042376,-0.00404133712335963,0.2
"CTX_TC41_G2CEPHYS1_DIV07_A","ctx",7,0,0,0,0,0,0,0,0.791552386176632,0,-0.00791552386176632,0
"CTX_TC51_G2CEPHYS1_DIV07_A","ctx",7,0.78,0.466,70.199,0.6445,0,0,0,0.0504828797190518,40.2249314832695,0.152939833081393,0.111111111111111
"CTX_TC51_G2CEPHYS1_DIV07_B","ctx",7,0.69,0.6285,26.971,0.611,0,0,0,0.0466417910447761,19.0696641735544,0.116169465014418,0.166666666666667
"CTX_TC51_G2CEPHYS3_DIV07_C","ctx",7,0.42,0.784,48.474,0.439,0,0,0,0.0362199539018769,30.1038644674662,0.115306369189859,0.137931034482759
"CTX_TC61_G2CEHYS3_DIV07_D","ctx",7,0.57,0.284,44.327,0.831,0,0,0,0.0307320820985622,36.5281398544133,0.0667478112929994,0.0731707317073171
"CTX_TC71_G2CEHYS3_DIV07_D","ctx",7,0.24,0.2855,28.276,0.53,0,0,0,0.0252442102952475,22.6545494577253,0.0432586948394519,0.117647058823529
"CTX_TC81_G2CEHYS3_DIV07_C","ctx",7,1.56,0.526,85.863,0.5275,1.6463615409944,18,0.05085,0.235978487542531,58.0016818645358,0.320799213922116,0.0434782608695652
"CTX_TC81_G2CEHYS3_DIV07_D","ctx",7,0.78,0.726,75.342,0.558,0,0,0,0.0647568872791132,48.2743022286905,0.233172479908196,0
"CTX_TC82_G2CEHYS3_DIV07_C","ctx",7,1.2,0.297,85.427,0.605,1.18538030951597,15,0.0289285714285714,0.110306223246625,59.8296118279708,0.305781980167024,0.0952380952380952
"CTX_TC82_G2CEPHYS1_DIV07_A","ctx",7,1.38,0.4645,90.5835,0.716,0.724081184860121,12,0.01425,0.191991223258365,69.9250394612085,0.236358474362475,0.0571428571428571
"CTX_TC82_G2CEPHYS1_DIV07_B","ctx",7,0.84,0.951,85.882,0.5825,0.65825562260011,12,0.0206857142857143,0.0888645090510148,46.8271839493142,0.262804731635164,0.0588235294117647
"C57_CTX_G2CEPHYS1_DIV10_TC01_A","ctx",10,2.04,0.903,65.509,0.7775,0,0,0,0.319359086918349,26.2605042016892,0.159461478481919,0.0645161290322581
"C57_CTX_G2CEPHYS1_DIV10_TC02_A","ctx",10,3.6,0.75,68.4955,0.8285,13.6962247585601,13.5,0.0151875,0.709503950834065,26.7847291257502,0.226269670240354,0.240740740740741
"C57_CTX_G2CEPHYS1_DIV10_TC03_A","ctx",10,1.86,0.675,50.791,0.7745,0.131680017557336,11.5,0.012075,0.100954680127291,34.815338827698,0.140778692387744,0.0731707317073171
"C57_CTX_G2CEPHYS1_DIV10_TC04_A","ctx",10,0.78,0.635,20.259,0.658,0,0,0,0.092176012290135,17.8520892915836,0.103652923603715,0.0476190476190476
"C57_CTX_G2CEPHYS1_TC21_DIV10_A","ctx",10,1.35,0.675,45.279,1.31,1.18512015801602,13.5,0.02145,0.42027872270383,40.1025258923032,0.117598199879895,0.0566037735849057
"C57_CTX_G2CEPHYS1_TC21_DIV10_B","ctx",10,1.53,1.073,4.088,0.917,0,0,0,0.36870404916054,7.73794631883335,0.0228925973353387,0.153846153846154
"C57_CTX_G2CEPHYS3_DIV10_TC01_C","ctx",10,1.53,0.617,46.1535,0.817,4.28054000658545,12,0.0145416666666667,0.428054000658545,36.9297766653114,0.228560460492413,0.0930232558139535
"C57_CTX_G2CEPHYS3_DIV10_TC02_C","ctx",10,4.74,0.493,69.656,0.921,16.3977609483042,15,0.0245,0.754033585775436,54.7808122698571,0.331897954603976,0.0677966101694915
"C57_CTX_G2CEPHYS3_DIV10_TC03_C","ctx",10,2.76,0.43,56.73,0.8195,9.48304247612776,13,0.0163258928571429,0.445615190429152,49.7644706320806,0.234876881126665,0.111111111111111
"C57_CTX_G2CEPHYS3_DIV10_TC04_C","ctx",10,3.18,0.696,63.672,0.7785,1.31708923279552,11,0.012625,0.435737021183185,32.7184517478245,0.185164774181034,0.170731707317073
"C57_CTX_G2CEPHYS3_DIV10_TC05_C","ctx",10,0.6,1.028,30.6295,0.763,0,0,0,0.148172538689496,12.5098866570942,0.0720084699525116,0.379310344827586
"C57_CTX_G2CEPHYS3_TC21_DIV10_C","ctx",10,2.04,0.575,40.018,0.974,0.32927230819888,11,0.01965,0.297442651739655,35.3259721905396,0.0867727285553622,0.0638297872340425
"C57_CTX_G2CEPHYS3_TC21_DIV10_D","ctx",10,1.26,0.769,32.42,1.2125,0,0,0,0.127867413017232,25.9953367485152,0.0556226054817093,0.175
"CTX_TC41_G2CEPHYS1_DIV10_A","ctx",10,0.54,0.591,34.884,0.722,0,0,0,0.0861501316944688,22.1825461167438,0.0662693346007792,0.115384615384615
"CTX_TC51_G2CEPHYS1_DIV10_A","ctx",10,1.89,0.454,59.734,0.878,0.592495062541145,12,0.0125,0.151415404871626,52.9427783810224,0.213976791501059,0
"CTX_TC51_G2CEPHYS1_DIV10_B","ctx",10,0.78,0.724,28.163,0.815,0,0,0,0.170068027210884,22.9779411764701,0.0938460700020716,0.0555555555555556
"CTX_TC51_G2CEPHYS3_DIV10_C","ctx",10,1.23,0.5145,39.149,0.8435,0.856108001317089,11,0.009,0.187685215673362,39.0408184058168,0.16600993916673,0
"CTX_TC61_G2CEHYS3_DIV10_D","ctx",10,3.36,0.2885,64.3655,0.911,4.87323016134343,15,0.0241022727272727,0.880254637251674,70.6586230283785,0.281006056966463,0.0612244897959184
"CTX_TC71_G2CEHYS3_DIV10_D","ctx",10,0.99,0.5465,46.548,1.049,0,0,0,0.130611348918889,24.2461997157197,0.0810332980360833,0.115384615384615
"C57_CTX_G2CEPHYS1_TC11_DIV11_A","ctx",11,5.88,0.741,83.067,0.745,12.0500438981563,14,0.021,1.37126865671642,51.637719140267,0.263036969202036,0.0714285714285714
"C57_CTX_G2CEPHYS1_TC11_DIV11_B","ctx",11,3.57,0.8925,83.12,0.7445,7.63827919227392,14,0.0184107142857143,0.699078138718174,39.275849909626,0.23508340784254,0.0727272727272727
"C57_CTX_G2CEPHYS1_TC12_DIV11_A","ctx",11,2.58,0.77,68.913,0.7875,3.35820895522388,13,0.016,0.381913959613696,31.7581205442686,0.186726173724884,0.0377358490566038
"C57_CTX_G2CEPHYS1_TC12_DIV11_B","ctx",11,0.33,0.642,25.0495,0.767,0,0,0,0.111940298507463,24.0150292998354,0.0556852800417538,0.142857142857143
"C57_CTX_G2CEPHYS3_TC11_DIV11_C","ctx",11,5.46,0.696,86.321,0.756,12.1172209417188,17,0.02065,1.19525847876194,54.4768272818175,0.331397779808402,0.203703703703704
"C57_CTX_G2CEPHYS3_TC11_DIV11_D","ctx",11,3.48,0.678,71.038,0.773,8.29766216661179,14,0.01975,0.367138623641752,54.5796307075272,0.220640944463189,0.0925925925925926
"C57_CTX_G2CEPHYS3_TC12_DIV11_C","ctx",11,0.78,0.698,25.926,0.785,0,0,0,0.244759082427835,34.0824455732308,0.146051728049971,0.03125
"C57_CTX_G2CEPHYS3_TC12_DIV11_D","ctx",11,2.94,0.632,63.034,0.7885,6.45373724069806,13,0.0150714285714286,0.648117659971463,33.6687045926505,0.193395424003853,0.0961538461538462
"CTX_TC81_G2CEHYS3_DIV11_C","ctx",11,4.32,0.9445,95.5285,1.047,10.4708594007244,20,0.0375,1.94874327735704,61.6839517420327,0.388179610244356,0.0192307692307692
"CTX_TC81_G2CEHYS3_DIV11_D","ctx",11,6,0.691,81.522,1.094,2.04148831083306,11,0.0192,0.330369882559543,55.3293301465971,0.231319940547181,0.0303030303030303
"CTX_TC82_G2CEHYS3_DIV11_C","ctx",11,5.88,0.4345,77.357,1.058,9.74646032268686,15,0.0237857142857143,1.20403907364724,74.9029505000859,0.367749491966465,0.0869565217391304
"CTX_TC82_G2CEPHYS1_DIV11_A","ctx",11,5.67,0.7255,91.2735,0.834,8.62598770851624,15,0.02045,1.06562774363477,59.6250454993843,0.316144980625023,0.0416666666666667
"CTX_TC82_G2CEPHYS1_DIV11_B","ctx",11,6.12,0.5695,67.6495,0.9415,9.35030728709394,14,0.018075,0.604148375768218,60.3048637306278,0.264365882742616,0.104166666666667
"C57_CTX_G2CEPHYS1_DIV14_TC01_A","ctx",14,1.86,0.724,49.626,0.783,9.61369622475856,13,0.0189714285714285,0.528972783143108,31.8317463620017,0.325013816295534,0.317073170731707
"C57_CTX_G2CEPHYS1_DIV14_TC02_A","ctx",14,7.53,0.661,83.395,0.914,38.7181738366989,21,0.0196580357142857,2.3562335381914,52.9419935641283,0.450505673841948,0.322033898305085
"C57_CTX_G2CEPHYS1_DIV14_TC03_A","ctx",14,1.89,0.4835,43.0645,0.8055,6.38718173836699,14,0.0182571428571429,0.28972783143108,37.1990266892088,0.254650741159626,0.196078431372549
"C57_CTX_G2CEPHYS1_DIV14_TC04_A","ctx",14,2.22,0.741,57.45,0.6585,0.263388937664618,11,0.00892708333333335,0.448858647936787,20.6754969998141,0.215876304188265,0.413793103448276
"C57_CTX_G2CEPHYS1_TC11_DIV14_A","ctx",14,6,0.508,83.715,1.062,18.0421422300263,22,0.0355982142857143,2.17186128182616,118.127596814403,0.500657286445505,0.178571428571429
"C57_CTX_G2CEPHYS1_TC11_DIV14_B","ctx",14,3.93,0.61,63.2455,0.7645,13.8279192273924,14,0.0143541666666667,1.18525021949078,45.5711791383796,0.269216154577221,0.0508474576271186
"C57_CTX_G2CEPHYS1_TC12_DIV14_A","ctx",14,1.74,0.636,63.329,0.806,6.18964003511852,15,0.0142678571428571,0.421422300263389,52.9807147519355,0.285908717019505,0.0714285714285714
"C57_CTX_G2CEPHYS1_TC12_DIV14_B","ctx",14,0.66,0.638,33.9005,0.669,0.131694468832309,11,0.00660625,0.23595258999122,25.9812621857863,0.0991276176621784,0.0930232558139535
"C57_CTX_G2CEPHYS1_TC21_DIV14_A","ctx",14,6.18,0.965,69.733,0.837,28.3143107989464,15,0.0115672619047619,2.13619402985075,35.1106030676029,0.330403244897853,0.0344827586206897
"C57_CTX_G2CEPHYS1_TC21_DIV14_B","ctx",14,4.74,0.936,63.737,0.7755,0,0,0,1.44315188762072,16.2887036632229,0.0645438720134191,0.166666666666667
"C57_CTX_G2CEPHYS3_DIV14_TC01_C","ctx",14,3.3,0.8135,56.6215,0.9,21.9953901876852,16,0.014925,1.1458676325321,33.089484896796,0.401424794918045,0.591836734693878
"C57_CTX_G2CEPHYS3_DIV14_TC02_C","ctx",14,6.33,0.8235,78.205,0.819,30.6223246624959,29,0.0273636363636364,3.45735923608824,53.9550355333876,0.575993424298686,0.338983050847458
"C57_CTX_G2CEPHYS3_DIV14_TC03_C","ctx",14,4.86,0.853,78.814,0.757,25.880803424432,20,0.019,1.90319394138953,49.6330007267913,0.45783431699389,0.160714285714286
"C57_CTX_G2CEPHYS3_DIV14_TC04_C","ctx",14,2.55,0.5185,49.8815,0.781,21.2709911096477,15,0.0183,0.540555372626495,37.2972985007366,0.318075298017112,0.46551724137931
"C57_CTX_G2CEPHYS3_DIV14_TC05_C","ctx",14,0.66,0.693,35.583,0.739,0.790253539677313,11,0.00543750000000002,0.327077159477555,17.4829108517296,0.154403926514066,0.157894736842105
"C57_CTX_G2CEPHYS3_TC11_DIV14_C","ctx",14,6,0.939,91.384,0.865,26.4076391175502,20,0.02,2.62320272198441,62.0568793033475,0.439923974263473,0.103448275862069
"C57_CTX_G2CEPHYS3_TC11_DIV14_D","ctx",14,3.48,0.612,64.757,1.042,19.2953572604544,16,0.0135625,0.818241685874218,59.0736693650925,0.351891897378402,0.0689655172413793
"C57_CTX_G2CEPHYS3_TC12_DIV14_C","ctx",14,0.57,0.7055,31.8075,0.654,0.197563384919328,11,0.00648214285714288,0.264515420919767,31.2503270219422,0.239025539587437,0.0333333333333333
"C57_CTX_G2CEPHYS3_TC12_DIV14_D","ctx",14,3.78,0.6655,63.786,0.887,20.8100098781692,17,0.0178526785714286,1.09428163758095,45.6759817230156,0.365613873220813,0.152542372881356
"C57_CTX_G2CEPHYS3_TC21_DIV14_C","ctx",14,6.18,0.538,66.997,0.748,24.2344418834376,15,0.011625,0.930743057842169,43.0853262274424,0.259497878094556,0.0178571428571429
"C57_CTX_G2CEPHYS3_TC21_DIV14_D","ctx",14,2.64,0.497,54.425,0.7575,12.9733289430359,14,0.0128571428571429,0.73317967292284,50.8646649512156,0.288329267557875,0.0363636363636364
"CTX_TC41_G2CEPHYS1_DIV14_A","ctx",14,2.52,0.557,50.887,0.837,1.64618086040386,13,0.0234,0.363257243195786,62.8306642541799,0.203045159257766,0
"CTX_TC51_G2CEPHYS1_DIV14_A","ctx",14,6.6,0.349,64.914,0.8045,20.410402721387,14,0.0127767857142857,0.662789421705256,63.6202591126373,0.346790399120766,0.0454545454545455
"CTX_TC51_G2CEPHYS1_DIV14_B","ctx",14,3.9,0.401,40.86,0.8285,0.0658400087786678,11,0.00687500000000001,0.526171403489521,39.1114258476116,0.283122635859547,0.125
"CTX_TC51_G2CEPHYS3_DIV14_C","ctx",14,4.08,0.285,48.0385,0.738,22.5880803424432,16,0.0155714285714286,0.801778070464274,71.337167183707,0.334139369798911,0.0535714285714286
"CTX_TC61_G2CEHYS3_DIV14_D","ctx",14,7.14,0.9015,84.5355,0.795,15.2123806387883,14,0.0136875,2.03984194929206,45.5574598424607,0.268680152155312,0.12962962962963
"CTX_TC71_G2CEHYS3_DIV14_D","ctx",14,3.15,0.5565,73.439,0.847,0,0,0,0.230490615739216,34.3543696890205,0.125227935188087,0
"CTX_TC81_G2CEHYS3_DIV14_C","ctx",14,7.14,0.538,94.133,0.928,14.7513994073098,18,0.036375,2.8322906376907,54.6073589012492,0.410792715844423,0.037037037037037
"CTX_TC81_G2CEHYS3_DIV14_D","ctx",14,10.62,0.3855,88.1355,1.06,10.1415870925255,13,0.028875,0.827022280759521,55.9658485423407,0.31863026555698,0.025
"CTX_TC82_G2CEHYS3_DIV14_C","ctx",14,5.55,0.524,73.1515,0.896,11.3928218636813,18,0.0140769230769231,1.06190319394139,65.3751560008764,0.419039147859394,0.173076923076923
"CTX_TC82_G2CEPHYS1_DIV14_A","ctx",14,7.02,0.5375,94.1175,0.573,8.16147433084686,15,0.01925,1.18473014480035,52.1072114218361,0.310134281946223,0.06
"CTX_TC82_G2CEPHYS1_DIV14_B","ctx",14,2.85,0.48,43.5185,0.7935,11.7156647652479,14,0.0105133928571429,0.414107064501975,50.3315751931675,0.264542849879187,0.0192307692307692
"C57_CTX_G2CEPHYS1_DIV17_KN62_TC01_A","ctx",17,2.7,0.498,50.533,0.72,12.8373930217248,14,0.0176,0.54531490015361,37.8138870673549,0.378455648278926,0.227272727272727
"C57_CTX_G2CEPHYS1_DIV17_KN62_TC02_A","ctx",17,9,0.4445,80.851,0.761,36.6030283080974,27,0.0192678571428572,2.75729646697389,59.9313897575415,0.56042350211272,0.457627118644068
"C57_CTX_G2CEPHYS1_DIV17_KN62_TC03_A","ctx",17,2.61,0.367,53.1085,0.69,6.18964003511852,13,0.01490625,0.322102721685689,53.3457256475311,0.277788674097282,0.0576923076923077
"C57_CTX_G2CEPHYS1_DIV17_KN62_TC04_A","ctx",17,2.52,0.6595,52.073,0.657,2.69973661106234,12,0.00999999999999999,0.532265144863916,24.334910781786,0.252976619820119,0.205882352941176
"C57_CTX_G2CEPHYS1_TC21_DIV17_A","ctx",17,6.93,0.436,84.8215,0.675,24.4951712028095,25,0.0123166666666667,2.67339771729587,66.7690182772986,0.560869256419851,0.0169491525423729
"C57_CTX_G2CEPHYS1_TC21_DIV17_B","ctx",17,10.2,1.02,85.829,0.6335,0,0,0,3.05201931518876,27.5904966209174,0.149155413877722,0.0952380952380952
"C57_CTX_G2CEPHYS3_DIV17_KN62_TC01_C","ctx",17,6.69,0.5135,64.917,0.869,31.2150148172539,20,0.0153178571428572,1.53001865876413,45.6097334644937,0.471988221262146,0.444444444444444
"C57_CTX_G2CEPHYS3_DIV17_KN62_TC02_C","ctx",17,7.98,0.5735,74.6685,0.752,30.1613434310174,31,0.0224107142857143,3.95456042146855,71.5950814558251,0.60790119037196,0.305084745762712
"C57_CTX_G2CEPHYS3_DIV17_KN62_TC03_C","ctx",17,5.79,0.641,74.977,0.738,22.1929535726045,20,0.0159,2.06453737240698,62.1440210788727,0.456728656806438,0.140350877192982
"C57_CTX_G2CEPHYS3_DIV17_KN62_TC04_C","ctx",17,4.8,0.445,59.455,0.792,28.7125452749424,16,0.0177857142857143,0.710130611348919,45.1327815620068,0.389257453520363,0.559322033898305
"C57_CTX_G2CEPHYS3_DIV17_KN62_TC05_C","ctx",17,0.9,0.479,34.707,0.6475,4.74152123806388,12,0.00973660714285715,0.387443749314016,26.8748702454297,0.222734702220475,0.0930232558139535
"C57_CTX_G2CEPHYS3_TC21_DIV17_C","ctx",17,8.1,0.581,82.612,0.953,34.2443200526836,24,0.014061974789916,1.98441444407859,59.0359598997807,0.495604857786047,0.155172413793103
"C57_CTX_G2CEPHYS3_TC21_DIV17_D","ctx",17,6.24,0.665,76.551,0.793,29.1735265064208,17,0.0135714285714286,1.74294808473274,53.2466794114853,0.381787013416292,0.140350877192982
"CTX_TC41_G2CEPHYS1_DIV17_A","ctx",17,3.84,0.569,60,0.8355,3.6215978928885,12,0.0140571428571429,0.440079016681299,62.6870620817617,0.250206442811081,0.0217391304347826
"CTX_TC51_G2CEPHYS1_DIV17_A","ctx",17,6.54,0.659,82.37,0.767,20.4784899034241,13,0.0134464285714286,0.91198419666374,58.2899215327615,0.324143708109969,0.181818181818182
"CTX_TC51_G2CEPHYS1_DIV17_B","ctx",17,5.46,0.362,71.934,0.783,0.329236172080773,12,0.00510714285714289,0.572322212467076,42.2162196598983,0.202614868089473,0.0333333333333333
"CTX_TC51_G2CEPHYS3_DIV17_C","ctx",17,10.23,0.3375,80.545,0.688,30.5564702008561,16,0.0136267857142857,0.911535506530567,66.5622368595766,0.359831527378975,0
"CTX_TC61_G2CEHYS3_DIV17_D","ctx",17,7.86,1.025,95.264,0.736,13.6977280210734,20,0.0168823051948052,3.48479859510482,41.16536343884,0.339709782945576,0.0181818181818182
"CTX_TC71_G2CEHYS3_DIV17_D","ctx",17,2.58,0.648,70.444,0.875,0.856108001317089,12,0.00975,0.10097684118099,37.5681709986419,0.118400422838304,0.06
"C57_CTX_G2CEPHYS1_TC11_DIV18_A","ctx",18,12.27,0.6225,92.3725,0.62,35.2941176470588,20,0.0158625,3.71707638279192,70.2798126936578,0.432368756994998,0
"C57_CTX_G2CEPHYS1_TC11_DIV18_B","ctx",18,6.9,0.5905,84.475,0.686,19.2932396839333,20,0.0146,1.72958735733099,59.4828811541324,0.443115379180831,0.0338983050847458
"C57_CTX_G2CEPHYS1_TC12_DIV18_A","ctx",18,3.78,0.365,49.565,0.8325,14.9473222124671,14,0.0148125,0.717186128182616,60.9696760165604,0.343309160741396,0.0925925925925926
"C57_CTX_G2CEPHYS1_TC12_DIV18_B","ctx",18,0.9,0.441,25.431,0.801,4.93854258121159,12,0.00870000000000002,0.341856892010536,36.6316357863313,0.207772154890529,0.12
"C57_CTX_G2CEPHYS3_TC11_DIV18_C","ctx",18,11.34,0.577,95.8,0.632,32.7296674349687,24,0.0161785714285714,4.24871035012622,80.7476549503159,0.521924034142119,0.0169491525423729
"C57_CTX_G2CEPHYS3_TC11_DIV18_D","ctx",18,9.3,0.2925,74.182,0.754,27.0003292723082,22,0.0143257575757576,1.62660520250247,88.66987306963,0.453292227361449,0.0677966101694915
"C57_CTX_G2CEPHYS3_TC12_DIV18_C","ctx",18,0.9,0.277,24.549,0.673,0.658544616397761,12.5,0.0117440476190476,0.176709472066733,48.4792664577359,0.191850642243149,0.0571428571428571
"C57_CTX_G2CEPHYS3_TC12_DIV18_D","ctx",18,9,0.354,75.856,0.788,29.8320711228186,20,0.0154285714285714,1.84941279771705,62.6832377856044,0.483857311360947,0.0847457627118644
"CTX_TC81_G2CEHYS3_DIV18_C","ctx",18,6.06,1.157,72.967,0.448,6.98057293381627,13,0.0289178571428572,0.30677203380529,33.2946560105725,0.204590560799908,0.148148148148148
"CTX_TC81_G2CEHYS3_DIV18_D","ctx",18,4.44,0.275,55.556,0.6505,6.38788277905828,13,0.0163125,0.438480957084842,58.881778560488,0.336142014850852,0.15
"CTX_TC82_G2CEHYS3_DIV18_C","ctx",18,6.12,0.19,65.308,0.643,9.54889693776753,22,0.0315,0.64317857534848,64.4984661291749,0.414181466209361,0.0181818181818182
"CTX_TC82_G2CEPHYS1_DIV18_A","ctx",18,6.66,0.339,64.937,0.772,9.81123792800702,16,0.0288214285714286,0.848331870061457,39.6039089627801,0.308336235293745,0.254901960784314
"CTX_TC82_G2CEPHYS1_DIV18_B","ctx",18,4.02,0.309,62.683,0.553,6.18964003511852,16,0.0233071428571429,0.290825285338016,45.1447374004072,0.32172574060906,0.1
"C57_CTX_G2CEPHYS1_DIV21_KN62_TC01_A","ctx",21,5.28,0.362,52.096,0.709,19.7541703248464,14,0.0159375,0.905399473222125,48.8051591248995,0.37570978640908,0.0652173913043478
"C57_CTX_G2CEPHYS1_DIV21_KN62_TC02_A","ctx",21,12,0.5415,90.7175,0.652,57.089552238806,25,0.0147575757575758,3.72146619841967,55.3531304799703,0.557804622144519,0.0677966101694915
"C57_CTX_G2CEPHYS1_DIV21_KN62_TC03_A","ctx",21,8.88,1.2025,71.098,0.646,5.33362598770852,12,0.0099375,1.12818261633011,20.1540398160912,0.190757120169974,0.520833333333333
"C57_CTX_G2CEPHYS1_DIV21_KN62_TC04_A","ctx",21,3.96,0.6225,50.281,0.665,2.89696038626139,12,0.0111303571428572,0.55799407439921,30.3407300409575,0.251285389124407,0.166666666666667
"C57_CTX_G2CEPHYS1_TC11_DIV21_A","ctx",21,14.55,0.661,92.8495,0.654,47.2783143107989,15,0.01203125,4.95445566286216,64.3559568491021,0.40027961379192,0.0178571428571429
"C57_CTX_G2CEPHYS1_TC11_DIV21_B","ctx",21,8.22,0.983,87.676,0.606,23.1123792800702,16,0.0127142857142857,2.94885864793679,42.3845558953787,0.349900445893832,0.0338983050847458
"C57_CTX_G2CEPHYS1_TC12_DIV21_A","ctx",21,2.01,0.3665,54.4335,0.7265,12.6426690079017,13,0.0131666666666667,0.640913081650571,58.858500440707,0.329819501554529,0.0566037735849057
"C57_CTX_G2CEPHYS1_TC12_DIV21_B","ctx",21,0.6,0.419,23.574,0.824,4.54345917471466,12,0.00940909090909092,0.367647058823529,34.1230902501874,0.173360840646746,0.0980392156862745
"C57_CTX_G2CEPHYS1_TC21_DIV21_A","ctx",21,6.87,2.3945,98.7335,0.649,72.8270412642669,15,0.0124142857142857,6.88542581211589,31.944216685051,0.398614483877897,0.322033898305085
"C57_CTX_G2CEPHYS1_TC21_DIV21_B","ctx",21,4.44,0.488,51.345,0.9265,7.17734855136084,12,0.017,1.79982440737489,55.2784200629626,0.422058375890502,0
"C57_CTX_G2CEPHYS3_DIV21_KN62_TC01_C","ctx",21,9.18,0.4365,74.1735,0.751,39.7760948304248,20,0.0134627976190476,1.99319503896389,48.1690665025271,0.469385432558851,0.345454545454545
"C57_CTX_G2CEPHYS3_DIV21_KN62_TC02_C","ctx",21,14.91,0.7695,90.959,0.638,66.1178794863352,26,0.01275,6.50312808692789,58.743590148521,0.55330280773342,0.152542372881356
"C57_CTX_G2CEPHYS3_DIV21_KN62_TC03_C","ctx",21,9.6,2.429,99.536,0.4905,107.145209087916,16,0.0204,7.08045220063659,32.8130016171384,0.348679731435318,0.526315789473684
"C57_CTX_G2CEPHYS3_DIV21_KN62_TC04_C","ctx",21,10.92,0.519,73.887,0.648,53.9348040829766,17,0.012975,1.40489518164856,46.0342637838783,0.392375123161992,0.11864406779661
"C57_CTX_G2CEPHYS3_DIV21_KN62_TC05_C","ctx",21,1.26,0.295,17.248,0.811,4.28054000658545,13,0.01125,0.526835693118209,45.0522863379167,0.195103954423428,0.0454545454545455
"C57_CTX_G2CEPHYS3_TC11_DIV21_C","ctx",21,10.11,1.9,99.464,0.502,65.7227527164965,17,0.0168535714285714,7.84546153001866,36.3507039761722,0.381251496178985,0.293103448275862
"C57_CTX_G2CEPHYS3_TC11_DIV21_D","ctx",21,10.02,0.459,81.891,0.703,28.6466908133026,17,0.0124285714285715,2.17100208539129,76.961035566881,0.406034965962478,0.0350877192982456
"C57_CTX_G2CEPHYS3_TC12_DIV21_C","ctx",21,1.89,0.7335,62.2155,0.895,1.11952584787619,12,0.0181875,0.462078805839096,25.6417076712816,0.185585795995186,0.0303030303030303
"C57_CTX_G2CEPHYS3_TC12_DIV21_D","ctx",21,9.54,0.548,80.98,0.798,38.1297332894304,16,0.013,2.62430029634508,62.3759891417764,0.383652462548967,0.101694915254237
"C57_CTX_G2CEPHYS3_TC21_DIV21_C","ctx",21,10.17,0.618,87.423,0.853,46.8883766875206,21,0.0109240384615385,2.90253539677313,56.8353959774487,0.480208463374566,0.103448275862069
"C57_CTX_G2CEPHYS3_TC21_DIV21_D","ctx",21,9.66,0.673,89.188,0.671,42.0810009878169,16,0.012875,3.4793107233015,64.2930414339239,0.424708305536271,0.103448275862069
"CTX_TC41_G2CEPHYS1_DIV21_A","ctx",21,2.4,0.772,54.891,0.899,2.8972783143108,14,0.0247321428571429,0.333625987708516,30.6775972348813,0.227305008479029,0.0434782608695652
"CTX_TC51_G2CEPHYS1_DIV21_A","ctx",21,6.9,0.967,81.0125,0.9625,19.622475856014,15,0.0127678571428571,0.785776997366111,50.1166220892211,0.329046173977507,0.0625
"CTX_TC51_G2CEPHYS1_DIV21_B","ctx",21,7.26,1.241,83.735,0.8075,0.263388937664618,11.5,0.0071396103896104,1.59021071115013,23.8159502274763,0.177099282778971,0.08
"CTX_TC51_G2CEPHYS3_DIV21_C","ctx",21,6.15,1.509,93.4485,0.7835,21.468554494567,13,0.010025,1.6463615409944,32.251073895217,0.260210244189355,0.140350877192982
"CTX_TC61_G2CEHYS3_DIV21_D","ctx",21,1.56,0.355,34.384,0.7055,0.131708923279552,11,0.00406607142857143,0.375919218527055,25.4303483254879,0.091423170747472,0.24
"CTX_TC71_G2CEHYS3_DIV22_D","ctx",21,4.77,1.118,68.2215,0.6735,4.6756667764241,13,0.018975,0.312808692788936,19.5862740110778,0.223394393326907,0.306122448979592
"CTX_TC81_G2CEHYS3_DIV21_C","ctx",21,6.96,1.662,91.802,0.546,3.22686862034903,12,0.0188,0.124025902754912,21.9010836239592,0.192117200994456,0.224489795918367
"CTX_TC81_G2CEHYS3_DIV21_D","ctx",21,1.68,0.7985,17.1535,0.858,0,0,0,0.317198990231588,24.6185713477607,0.139117896283212,0.027027027027027
"CTX_TC82_G2CEHYS3_DIV21_C","ctx",21,4.56,0.234,49.5515,0.634,8.69278893645044,21,0.0247916666666667,0.565250795741411,53.1661358948316,0.371418628358979,0.0545454545454545
"CTX_TC82_G2CEPHYS1_DIV21_A","ctx",21,13.08,0.548,70.174,0.609,17.3817623175683,15,0.0226214285714286,1.47152419620323,41.0993253602011,0.304454004471613,0.0392156862745098
"CTX_TC82_G2CEPHYS1_DIV21_B","ctx",21,11.73,0.8905,89.577,0.543,7.3740809832108,12,0.0170375,0.20410402721387,25.6098460861349,0.214693165407846,0.137254901960784
"C57_CTX_G2CEPHYS1_DIV24_KN62_TC01_A","ctx",24,3.18,0.374,38.586,0.7445,14.7449259462425,13,0.013597619047619,0.889193636862315,53.4512082501718,0.316410807668534,0.0869565217391304
"C57_CTX_G2CEPHYS1_DIV24_KN62_TC02_A","ctx",24,12.42,0.454,87.3235,0.6535,50.9657594381036,25,0.0151063311688312,4.35469710272169,68.7999407790656,0.580576981232964,0.23728813559322
"C57_CTX_G2CEPHYS1_DIV24_KN62_TC03_A","ctx",24,6.84,1.029,45.348,0.685,3.81955877510701,12,0.01031875,0.730984524201515,14.2048071228265,0.187919327619805,0.519230769230769
"C57_CTX_G2CEPHYS1_DIV24_KN62_TC04_A","ctx",24,1.98,0.43,27.969,0.711,3.95083406496927,13,0.00801785714285715,0.621158911325724,43.1301097456789,0.264680146658836,0.0625
"C57_CTX_G2CEPHYS1_TC21_DIV24_A","ctx",24,16.44,2.0835,98.7935,0.416,135.250219490781,19,0.022625,9.63784021071115,19.2632337217776,0.337687679476193,0.644067796610169
"C57_CTX_G2CEPHYS1_TC21_DIV24_B","ctx",24,3.51,0.435,52.4255,0.7495,7.70412642669008,12,0.0174,1.36084284460053,77.5386699188163,0.479455930753328,0.0909090909090909
"C57_CTX_G2CEPHYS3_DIV24_KN62_TC01_C","ctx",24,7.8,0.394,54.469,0.758,33.519920974646,21,0.0174818181818182,1.89386455932389,65.0023793065986,0.475041836916296,0.232142857142857
"C57_CTX_G2CEPHYS3_DIV24_KN62_TC02_C","ctx",24,16.98,0.796,92.56,0.5915,77.3131379650971,23,0.011,7.73131379650971,71.0975039930225,0.586357968385093,0.135593220338983
"C57_CTX_G2CEPHYS3_DIV24_KN62_TC03_C","ctx",24,13.26,1.75,98.288,0.407,124.267369114257,14,0.017625,5.99714630666228,32.9166749610942,0.374251870645347,0.578947368421053
"C57_CTX_G2CEPHYS3_DIV24_KN62_TC04_C","ctx",24,11.34,0.4365,78.355,0.621,39.9736582153441,18,0.0160714285714286,1.3324552738448,56.0431248787935,0.418580018611427,0.186440677966102
"C57_CTX_G2CEPHYS3_DIV24_KN62_TC05_C","ctx",24,1.38,0.316,24.398,0.853,3.22686862034903,13,0.010275,0.44890791351114,48.0769230769256,0.171689369552487,0.0416666666666667
"C57_CTX_G2CEPHYS3_TC21_DIV24_C","ctx",24,7.8,1.757,96.691,0.66,50.6420810009878,14,0.00962499999999999,4.19053890901109,32.3386050424404,0.30895135041524,0
"C57_CTX_G2CEPHYS3_TC21_DIV24_D","ctx",24,11.22,1.233,92.7115,0.632,66.3154428712545,17,0.0110833333333333,5.38469981341236,48.4418654273041,0.417694357126605,0.11864406779661
"CTX_TC41_G2CEPHYS1_DIV24_A","ctx",24,3.3,0.752,53.922,0.907,2.63388937664618,15,0.0238125,0.125658472344162,26.7664961132271,0.276553106472241,0.0434782608695652
"CTX_TC51_G2CEPHYS1_DIV24_A","ctx",24,4.92,0.784,78.981,0.9,10.0746268656716,14,0.0215,0.642010535557507,42.014761415988,0.293811734411563,0.0454545454545455
"CTX_TC51_G2CEPHYS1_DIV24_B","ctx",24,5.7,3.556,83.097,0.8245,0.197541703248464,11,0.010625,1.2088454784899,15.2496525626301,0.245652570331205,0.541666666666667
"CTX_TC51_G2CEPHYS3_DIV24_C","ctx",24,6,2.057,92.149,0.5915,16.2660520250247,13,0.019,1.25452749423773,26.1480832274873,0.294108943630356,0.527272727272727
"CTX_TC61_G2CEHYS3_DIV24_D","ctx",24,4.86,0.222,63.379,0.5915,0.0658544616397761,11,0.016,0.222807595214576,37.7763573782367,0.100964638799092,0.173913043478261
"CTX_TC71_G2CEHYS3_DIV24_D","ctx",24,5.73,1.194,68.6705,0.924,6.0586104708594,13,0.0142714285714286,0.305125672264296,18.3245312283623,0.231455826343976,0.294117647058824
"C57_CTX_G2CEPHYS1_TC11_DIV25_A","ctx",25,16.71,0.611,95.312,0.456,34.2405618964004,22,0.0134375,5.58110184372256,79.3235369810601,0.448428710745803,0.0357142857142857
"C57_CTX_G2CEPHYS1_TC11_DIV25_B","ctx",25,7.44,3.859,99.966,0.296,158.165057067603,17,0.02125,7.58230904302019,22.4922093995582,0.383175480015097,0.779661016949153
"C57_CTX_G2CEPHYS1_TC12_DIV25_A","ctx",25,3.36,0.295,61.421,0.713,18.3653318705431,14,0.0139821428571429,0.952276467361492,72.4563287235024,0.376305905069518,0.111111111111111
"C57_CTX_G2CEPHYS1_TC12_DIV25_B","ctx",25,0.75,0.4485,24.749,0.7905,5.00274273176083,13,0.00774107142857146,0.48217224355458,32.7501878596549,0.1737722251393,0.0769230769230769
"C57_CTX_G2CEPHYS3_TC11_DIV25_C","ctx",25,4.86,3.208,96.425,0.5475,89.8254856766546,13,0.0151375,5.08067171550873,30.8829289882776,0.350203201949651,0.576271186440678
"C57_CTX_G2CEPHYS3_TC11_DIV25_D","ctx",25,9.3,1.131,89.534,0.614,26.1442212709911,14,0.01225,1.85051037207771,27.1731034926885,0.245162245491289,0.0714285714285714
"C57_CTX_G2CEPHYS3_TC12_DIV25_C","ctx",25,9.72,1.3325,84.1705,0.6245,1.05367138623642,11,0.00725000000000001,0.961475139940731,18.4008753693335,0.157313878946491,0.540540540540541
"C57_CTX_G2CEPHYS3_TC12_DIV25_D","ctx",25,5.34,5.061,99.108,0.6095,87.7839973658215,13,0.01625,4.01053671386236,23.1546732045782,0.316779058712783,0.559322033898305
"CTX_TC81_G2CEHYS3_DIV25_C","ctx",25,7.53,1.7855,87.5105,0.585,0.197563384919328,11,0.011625,0.105367138623642,19.2707248773829,0.159975488395025,0.205128205128205
"CTX_TC81_G2CEHYS3_DIV25_D","ctx",25,6.24,0.984,48.2395,0.684,0.0658544616397761,11,0.00556250000000001,0.122928328394249,18.4530915051578,0.132384294665628,0.108108108108108
"CTX_TC82_G2CEHYS3_DIV25_C","ctx",25,6.78,1.105,63.477,0.67,0.460981231478433,13,0.0107142857142857,0.0581714411151356,17.8551501231603,0.166525475254537,0.156862745098039
"CTX_TC82_G2CEPHYS1_DIV25_A","ctx",25,7.14,0.8285,66.1245,0.563,7.90166812993854,16,0.02695,0.800592625109745,29.7262848730367,0.27881797135831,0.04
"CTX_TC82_G2CEPHYS1_DIV25_B","ctx",25,4.68,0.884,52.808,0.769,0.921861281826163,12,0.0120107142857143,0.129499561018437,16.8809941694751,0.17212597729388,0.177777777777778
"C57_CTX_G2CEPHYS1_DIV28_KN62_TC01_A","ctx",28,3.63,0.3835,38.2875,0.725,13.0377524143986,13,0.0133545454545455,0.853819139596137,53.1691488850535,0.287357873150843,0.159090909090909
"C57_CTX_G2CEPHYS1_DIV28_KN62_TC02_A","ctx",28,14.4,0.406,85.914,0.579,57.945566286216,23,0.0157678571428571,4.3338454784899,82.3680895331968,0.532065196600104,0.0508474576271186
"C57_CTX_G2CEPHYS1_DIV28_KN62_TC03_A","ctx",28,5.34,1.324,32.102,0.7405,0,0,0,0.0833973444529793,11.0593731605152,0.100530793921657,0.170212765957447
"C57_CTX_G2CEPHYS1_DIV28_KN62_TC04_A","ctx",28,0.9,0.3995,20.1755,0.695,1.18525021949078,11.5,0.01175,0.554214223002634,39.9873172461726,0.216309943904473,0.0967741935483871
"C57_CTX_G2CEPHYS1_TC21_DIV28_A","ctx",28,13.08,1.617,92.08,0.53,62.2914837576822,13,0.0157321428571429,5.24967076382792,17.3739738401333,0.193712295347409,0.758620689655172
"C57_CTX_G2CEPHYS1_TC21_DIV28_B","ctx",28,5.73,1.0305,88.6315,0.5565,0,0,0,0.814310798946444,43.5842805715996,0.290515838159359,0.0526315789473684
"C57_CTX_G2CEPHYS3_DIV28_KN62_TC01_C","ctx",28,7.17,0.44,50.683,0.749,33.1247942048074,21,0.0183452380952381,2.18142904181758,72.0948877768767,0.491021065090104,0.107142857142857
"C57_CTX_G2CEPHYS3_DIV28_KN62_TC02_C","ctx",28,19.86,0.739,92.613,0.635,97.6621666117879,17,0.0100227272727273,8.4985182746131,73.4767746147257,0.541850885422835,0.0677966101694915
"C57_CTX_G2CEPHYS3_DIV28_KN62_TC03_C","ctx",28,7.68,1.861,85.76,0.492,78.0375370431347,13,0.0171038961038961,3.54406761058062,22.6935113151238,0.238324888899536,0.508771929824561
"C57_CTX_G2CEPHYS3_DIV28_KN62_TC04_C","ctx",28,14.94,0.651,66.657,0.7155,62.6275930194271,17,0.0135267857142857,1.64855668971573,53.5999645645942,0.386021500331755,0.0338983050847458
"C57_CTX_G2CEPHYS3_DIV28_KN62_TC05_C","ctx",28,1.32,0.262,23.495,0.715,4.01712216002634,12,0.0105,0.590495006036659,52.9761465015597,0.182851039070467,0.106382978723404
"C57_CTX_G2CEPHYS3_TC21_DIV28_C","ctx",28,10.74,1.448,94.908,0.578,78.3668093513335,13,0.00971339285714286,5.46372516738009,33.2200938035245,0.267603508992629,0.120689655172414
"C57_CTX_G2CEPHYS3_TC21_DIV28_D","ctx",28,10.02,2.615,99.1815,0.5365,192.426736911426,16,0.0105,12.5727143013939,34.4725535098686,0.395109035694641,0.0169491525423729
"CTX_TC41_G2CEPHYS1_DIV28_A","ctx",28,4.02,1.531,67.951,0.6685,2.43634767339772,12,0.0142,0.0691395961369622,19.4337585633997,0.240040760603318,0.377777777777778
"CTX_TC51_G2CEPHYS1_DIV28_A","ctx",28,3.84,1.445,84.429,1.5485,8.23000109733348,12,0.0138,0.261714034895205,33.1071305382393,0.313049848063857,0.025
"CTX_TC51_G2CEPHYS1_DIV28_B","ctx",28,7.92,1.603,55.693,0.568,0,0,0,2.21771096236146,12.5854606910299,0.270059907978857,0.590909090909091
"CTX_TC51_G2CEPHYS3_DIV28_C","ctx",28,9.42,2.397,77.272,0.48,30.293052354297,12,0.0145982142857143,1.08495225551531,14.8970625366674,0.225478125278166,0.517857142857143
"CTX_TC81_G2CEHYS3_DIV28_C","ctx",28,2.94,0.763,40.208,0.915,1.25123477115575,12,0.0138,0.126769838656569,25.1304814805243,0.174513574893965,0.131578947368421
"CTX_TC81_G2CEHYS3_DIV28_D","ctx",28,1.95,0.4515,48.4185,0.936,2.04148831083306,12,0.0161428571428571,0.14213587970585,45.6908742745366,0.251432000703594,0.075
"CTX_TC82_G2CEHYS3_DIV28_C","ctx",28,8.22,1.002,81.309,0.646,0.32927230819888,11,0.012,0.0976841180990012,20.4874859440945,0.173507569688907,0.186046511627907
"CTX_TC82_G2CEPHYS1_DIV28_A","ctx",28,3.99,0.295,96.706,0.3635,5.0702370500439,27,0.0306857142857143,0.656826163301141,74.1792579684961,0.485643036727104,0.0925925925925926
"CTX_TC82_G2CEPHYS1_DIV28_B","ctx",28,3.87,2.0395,48.275,0.751,4.74100087796312,14,0.014,0.125109745390694,15.9822954785734,0.256954606318944,0.306122448979592
"C57_TC191_G2CEPHYS1_DIV07_A","hpc",7,1.59,0.2775,52.351,0.8005,0.131694468832309,11,0.01175,0.178336259877085,39.0313546706289,0.155505062845596,0.133333333333333
"C57_TC191_G2CEPHYS1_DIV07_B","hpc",7,3.3,0.28,79.915,0.6665,7.76997366110623,21,0.018,0.775899912203687,71.534440202945,0.419119068656811,0.0701754385964912
"C57_TC191_G2CEPHYS3_DIV07_C","hpc",7,2.52,0.342,65.553,0.539,4.60981231478433,25,0.0198,0.837449237185819,60.2984963297005,0.390282817442204,0.037037037037037
"C57_TC191_G2CEPHYS3_DIV07_D","hpc",7,1.44,0.373,53.3895,0.8395,2.17319723411261,13,0.0176,0.194270661837339,37.4796306317387,0.213391694012707,0.170731707317073
"C57_TC192_G2CEPHYS1_DIV07_A","hpc",7,1.86,0.2745,68.28,0.635,5.26835693118209,18,0.0151205357142857,0.761716606300077,89.5632562813343,0.469943101002117,0.0847457627118644
"C57_TC192_G2CEPHYS1_DIV07_B","hpc",7,2.16,0.303,73.1415,0.6025,4.01712216002634,25,0.02415,0.72165514213588,66.4700091834954,0.379565068025584,0.0892857142857143
"C57_TC192_G2CEPHYS3_DIV07_C","hpc",7,2.37,0.278,63.4045,0.724,4.74152123806388,19,0.0161041666666667,0.625617385577873,70.2384287287802,0.314888424396869,0.0172413793103448
"C57_TC192_G2CEPHYS3_DIV07_D","hpc",7,1.86,0.293,67.943,0.575,3.2927230819888,24.5,0.022125,0.584458347053013,75.4882466011055,0.356061366036391,0.0535714285714286
"C57_TC193_G2CEPHYS1_DIV07_A","hpc",7,1.74,0.1905,70.864,0.399,3.02897278314311,32.5,0.0178098214285714,0.441176470588235,93.2254404650166,0.490527317574901,0.0508474576271186
"C57_TC193_G2CEPHYS1_DIV07_B","hpc",7,1.8,0.268,74.219,0.592,2.63388937664618,20,0.02521875,0.294666374012291,69.1401849328271,0.307366184492918,0.0185185185185185
"C57_TC193_G2CEPHYS3_DIV07_C","hpc",7,2.28,0.338,53.8985,0.6435,3.75370431346724,21,0.022125,0.684886401053671,53.5199055437392,0.291234171127864,0.0188679245283019
"C57_TC193_G2CEPHYS3_DIV07_D","hpc",7,1.8,0.264,66.221,0.728,4.60981231478433,16.5,0.0166232142857143,0.547689605970805,62.7757697828719,0.391661578974611,0.0545454545454545
"TC102-NB-C57-DIV7_A","hpc",7,0.12,0.099,4.511,0.5485,0,0,0,0.0603400987383434,60.5208550166558,0.0616129063360249,0.103448275862069
"TC102-NB-C57-DIV7_B","hpc",7,1.47,0.353,64.5875,0.6155,0.460778935820077,12,0.00550000000000003,0.266593527153044,36.8073498325394,0.146188893459168,0.0227272727272727
"TC107-NB-C57-DIV7_A","hpc",7,0.9,0.315,27.937,0.872,0,0,0,0.225526777875329,24.1447293103511,0.0337707241207177,0.166666666666667
"TC108-NB-C57-DIV7_A","hpc",7,5.04,0.443,78.632,0.341,0,0,0,0.109184681224624,26.5523121823265,0.0256775077642724,0.0454545454545455
"TC109-UO126-DIV7_A","hpc",7,1.44,0.348,37.9925,0.845,0,0,0,0.0707780094370679,26.225040779048,0.0344358215953924,0.0909090909090909
"TC110-UO126-DIV7_A","hpc",7,0.48,0.7935,3.4285,0.681,0,0,0,0.23595258999122,10.832388924149,-0.000243711829367391,0.111111111111111
"TC111-UO126-DIV7_A","hpc",7,0.48,0.264,21.939,0.6145,0,0,0,0.047185339624712,27.0672457933844,0.0148603804099672,0.0769230769230769
"TC115-NB-C57-DIV7_A","hpc",7,0.06,0.1695,2.7155,0,0,0,0,0.0384066717875562,35.3982345240158,0.000210976876121587,0.08
"TC116-NB-C57-DIV7_A","hpc",7,0,0,0,0,0,0,0,0.00823000109733348,0,-0.000147042686272358,0
"TC117-NB-C57-DIV7_A","hpc",7,0.24,0.294,4.433,1.277,0,0,0,0.0285338015803336,23.8783077598816,0.000258725392985404,0
"TC126-NB-C57-DIV7_A","hpc",7,2.04,0.372,41.83,0.6245,0.0658400087786678,11,0.024875,0.206298694173159,32.9012902539043,0.0863135617295533,0.142857142857143
"TC127-NB-C57-DIV7_A","hpc",7,2.82,0.246,62.637,0.487,3.02864040381872,12,0.015625,0.370898716119829,44.8201190494623,0.206532375275072,0
"TC128-NB-C57-DIV7_A","hpc",7,0.42,0.348,13.1035,0.68,0,0,0,0.0834064969271291,27.4203503482527,0.0139027079974021,0.210526315789474
"TC129-NB-C57-DIV7_A","hpc",7,2.34,0.336,36.6165,0.606,0,0,0,0.238670031822671,26.417016034447,0.0404997946461518,0.176470588235294
"TC129-NB-C57-DIV7_B","hpc",7,4.2,0.249,82.56,0.33,5.26720070229343,14,0.020575,0.66114342148579,55.9761759056648,0.298413159554413,0.0476190476190476
"TC130-NB-C57-DIV7_A","hpc",7,0.96,0.393,16.172,0.935,0,0,0,0.156935908691835,30.7384875562478,0.0521893775167759,0.238095238095238
"TC130-NB-C57-DIV7_B","hpc",7,3.75,0.283,82.8055,0.482,0,0,0,0.0938323090430202,32.6018859726218,0.0642127370334841,0.0666666666666667
"TC137-NB-C57-DIV07_A","hpc",7,2.52,0.2685,70.7615,0.699,2.50192033358938,17,0.03025,0.655656754087567,91.97537584836,0.398582635284895,0.105263157894737
"TC138-NB-C57-DIV07_A","hpc",7,2.28,0.129,86.521,0.355,2.37050043898156,26,0.0388607142857143,0.520193151887621,122.644394284051,0.552715575829255,0.122448979591837
"TC142-C57-DIV07_A","hpc",7,1.47,0.3915,52.381,0.866,0.131694468832309,11.5,0.022875,0.16900790166813,37.8145540046065,0.122114949952441,0.0256410256410256
"TC143-C57-DIV07_A","hpc",7,2.46,0.27,80.563,0.562,0.658400087786678,11,0.0112916666666667,0.29737737298365,49.1274619053957,0.207553521579339,0.0588235294117647
"TC144-C57-DIV07_A","hpc",7,2.88,0.313,78.099,0.5855,2.37024031603204,12,0.0189553571428571,0.220564029408537,49.8554498636294,0.191009637495242,0.0465116279069767
"TC145-C57-DIV07_A","hpc",7,2.64,0.3,75.069,0.6355,1.0529779532741,11,0.00965625,0.216079850828123,48.4568297057446,0.219224370386938,0
"TC146-C57-DIV07_A","hpc",7,3.24,0.1845,95.9655,0.341,3.81872050916273,18,0.0238076298701299,0.457588061011741,83.0344929344337,0.402506629379295,0.0425531914893617
"TC146-C57-DIV07_B","hpc",7,3.48,0.1955,97.1945,0.293,4.60880061450675,31,0.0339375,1.0117414682322,113.476901838868,0.581878330105492,0.113207547169811
"TC147-C57-DIV07_A","hpc",7,3.3,0.275,90.819,0.382,3.35784044771206,20,0.03555,0.630418084055745,79.0116799498471,0.421079823295363,0.108695652173913
"TC147-C57-DIV07_B","hpc",7,3.36,0.3445,84.9255,0.4735,3.16032042137606,19,0.0310178571428571,0.602436080324811,60.114683839295,0.345163122181352,0.0222222222222222
"TC148-C57-DIV07_B","hpc",7,3.18,0.214,92.0395,0.3435,3.95083406496927,24.5,0.0280909090909091,0.761633011413521,94.6569606008484,0.492761067911716,0.0961538461538462
"TC175-C57-DIV07_A","hpc",7,0.84,0.284,38.961,0.568,0.790080105344014,11.5,0.0108625,0.151432020190936,37.1195248700739,0.216975808555618,0.151515151515152
"TC176-C57-DIV07_A","hpc",7,1.32,0.287,72.237,0.511,0.987708516242318,12,0.018125,0.251316944688323,57.3099806584919,0.278690246953496,0.0333333333333333
"TC177-C57-DIV07_A","hpc",7,1.62,0.375,62.6955,0.4685,2.96280039504005,16,0.0168571428571429,0.308350707780094,39.7225888586317,0.277612159589824,0
"TC178-C57-DIV07_A","hpc",7,1.92,0.275,61.724,0.626,4.21422300263389,19,0.0198214285714286,0.414837576821773,48.0003783825896,0.348437493945142,0.08
"TC186-DIV07_A","hpc",7,3.78,0.136,80.752,0.551,6.45161290322581,25,0.0219367647058824,0.644064077243801,85.0524672834514,0.491033091099416,0.0526315789473684
"TC186-DIV07_B","hpc",7,3.24,0.112,83.848,0.58,4.21329822251481,17,0.0203008928571429,0.337941628264209,85.6543187091785,0.437157735647148,0.0681818181818182
"TC187-DIV07_A","hpc",7,2.46,0.213,72.3235,0.547,4.28007023705004,25,0.024125,0.59811237928007,80.6926343126473,0.469426070252148,0.0185185185185185
"TC187-DIV07_B","hpc",7,2.16,0.223,76.481,0.4865,2.83143107989464,21,0.0261875,0.325943810359965,80.9572441889572,0.357329921747821,0.0980392156862745
"TC188-DIV07_A","hpc",7,2.28,0.289,73,0.548,8.8235294117647,16,0.018475,0.987708516242318,78.617760606939,0.486629700480875,0.101694915254237
"TC189-DIV07_A","hpc",7,3.12,0.206,86.707,0.452,4.27819218955682,27,0.0282857142857143,0.470601140851251,94.8319846752217,0.469782958468461,0.0363636363636364
"TC189-DIV07_B","hpc",7,2.16,0.2905,70.0015,0.5705,6.31856077226854,15.5,0.0163839285714286,0.626919701623519,81.5224317421185,0.465321100962448,0.134615384615385
"TC190-DIV07_A","hpc",7,2.88,0.237,82.697,0.588,10.2052013606935,18,0.0144642857142857,0.99308679907824,102.673855599799,0.5855979179144,0.345454545454545
"TC190-DIV07_B","hpc",7,1.5,0.31,60.912,0.6805,0.592560079008011,12,0.0161428571428571,0.24580269944036,38.7405284556692,0.137782488199819,0.0588235294117647
"TC89_DIV7_A","hpc",7,2.76,0.3135,99.684,0.323,5.72556762092794,20,0.02975,0.550619721399583,96.8572305242584,0.533555791755833,0.0961538461538462
"TC90_DIV07_A","hpc",7,3.3,0.2385,61.916,0.578,0,0,0,0.309346204475647,42.230244806213,0.0856981322903127,0.0666666666666667
"TC91-NB-C57-DIV07_A","hpc",7,2.79,0.1155,66.9805,0.626,1.38218516893374,11,0.00849999999999999,0.23694602896007,69.8702876221922,0.24939963159239,0.0652173913043478
"TC92-NB-C57-DIV07_A","hpc",7,0.06,0.08,5.941,0,0,0,0,0.0362080315997367,75.3390256152305,0.052299384528434,0.0384615384615385
"TC107-NB-C57-DIV10_A","hpc",10,2.25,0.311,58.482,0.6215,2.50192033358938,16,0.026375,0.406013387468452,60.3274786901692,0.271326714105509,0.0638297872340425
"TC108-NB-C57-DIV10_A","hpc",10,2.52,0.329,75.527,0.586,2.50219490781387,15,0.0284375,0.291374012291484,46.1840347115152,0.26631891057403,0.025
"TC109-UO126-DIV10_A","hpc",10,3.33,0.306,78.2315,0.4765,4.08252853380158,14,0.0186571428571429,0.40770412642669,48.4724651223843,0.270944018336058,0.0833333333333333
"TC110-UO126-DIV10_A","hpc",10,2.7,0.8015,55.3,0.72,1.58033362598771,12,0.0166875,0.584394205443371,24.9568867140661,0.127237481402089,0.208333333333333
"TC111-UO126-DIV10_A","hpc",10,2.01,0.369,53.523,0.735,1.77787532923617,16,0.0380357142857143,0.473002633889377,46.2330602855944,0.182387484250911,0
"TC115-NB-C57-DIV10_A","hpc",10,10.02,0.326,76.752,0.511,12.1817383669886,20,0.03305,1.76580333625988,57.5358933462127,0.366849656207587,0.0851063829787234
"TC116-NB-C57-DIV10_A","hpc",10,1.56,0.429,24.24,0.712,0,0,0,0.241988586479368,23.0709715784532,0.0242652566082525,0.147058823529412
"TC117-NB-C57-DIV10_A","hpc",10,8.37,0.297,73.0805,0.568,11.5878415450455,21,0.0366875,1.29704817293976,76.0976318384521,0.303391929157681,0.0943396226415094
"TC129-NB-C57-DIV10_A","hpc",10,3.54,0.219,86.984,0.3685,6.58472344161545,25.5,0.02825,0.81540825285338,92.0120734840574,0.499320633607588,0.224489795918367
"TC129-NB-C57-DIV10_B","hpc",10,5.34,0.203,95.105,0.232,8.56014047410009,37,0.0268125,1.38169446883231,112.107396795157,0.635688910221266,0.350877192982456
"TC130-NB-C57-DIV10_A","hpc",10,3.78,0.2695,82.786,0.451,4.01668129938543,16,0.0351428571428571,0.369841966637401,58.5642755559579,0.345837094106989,0.0714285714285714
"TC130-NB-C57-DIV10_B","hpc",10,4.05,0.26,91.5675,0.3,7.17734855136084,24,0.035,0.812115891132572,79.1860872986619,0.477074401675777,0.490196078431373
"TC146-C57-DIV10_A","hpc",10,4.44,0.3745,95.6115,0.299,13.8248847926267,26,0.01995,1.28922536756638,71.548650110461,0.594469030984777,0.0784313725490196
"TC146-C57-DIV10_B","hpc",10,3.81,0.3465,95.489,0.251,9.01909150757077,35,0.02625,2.30798771121352,109.985772806146,0.667801968638213,0.178571428571429
"TC147-C57-DIV10_A","hpc",10,4.68,0.266,93.9005,0.442,6.12244897959184,33,0.052375,1.63375027430327,111.972536259414,0.574614521809209,0.192982456140351
"TC147-C57-DIV10_B","hpc",10,4.92,0.652,86.069,0.707,7.83410138248848,20,0.03275,1.18499012508229,54.2980226709573,0.398066004355442,0.0701754385964912
"TC148-C57-DIV10_B","hpc",10,4.08,0.309,93.475,0.347,8.62409479921001,35,0.0295714285714286,1.82685977616853,105.440513739458,0.621835790499249,0.101694915254237
"C57_TC191_G2CEPHYS1_DIV11_A","hpc",11,2.97,1.5995,80.3375,0.717,8.95522388059701,12,0.012,0.774253731343284,25.030240896268,0.252388157440558,0.15
"C57_TC191_G2CEPHYS1_DIV11_B","hpc",11,4.35,0.5435,78.175,0.784,24.8244073748903,29,0.0175714285714286,3.03884986830553,74.1714131593053,0.601992263007901,0.389830508474576
"C57_TC191_G2CEPHYS3_DIV11_C","hpc",11,2.64,1.6105,92.9375,0.4395,24.695423114916,15,0.0139166666666667,1.50148172538689,31.671984608219,0.424567932270468,0.0909090909090909
"C57_TC191_G2CEPHYS3_DIV11_D","hpc",11,3.54,0.9525,73.726,0.723,21.4027000329272,15,0.012,1.08001317089233,29.8600299631576,0.344596486665654,0.203703703703704
"C57_TC192_G2CEPHYS1_DIV11_A","hpc",11,2.4,1.463,87.387,0.494,25.8121158911326,19,0.0135910714285714,1.77238805970149,38.0157367243452,0.520835372002013,0.491525423728814
"C57_TC192_G2CEPHYS1_DIV11_B","hpc",11,2.37,1.564,84.88,0.543,25.2853380158033,14.5,0.0126125,1.6198419666374,30.8750305663158,0.422489509633026,0.245614035087719
"C57_TC192_G2CEPHYS3_DIV11_C","hpc",11,2.28,1.2335,76.728,0.459,26.2100757326309,16,0.0100876623376623,1.13050159148282,25.3369147982239,0.416712205330594,0.627118644067797
"C57_TC192_G2CEPHYS3_DIV11_D","hpc",11,2.94,1.705,89.731,0.632,43.1346723740533,16,0.0144857142857143,2.09856217758753,33.459982137873,0.475292061620659,0.135593220338983
"C57_TC193_G2CEPHYS1_DIV11_A","hpc",11,1.92,1.593,94.385,0.1805,25.4170324846356,17,0.0125,0.94161545215101,22.9577922390972,0.474707822196183,0.779661016949153
"C57_TC193_G2CEPHYS1_DIV11_B","hpc",11,3.36,0.81,87.3,0.527,21.9271290605795,19,0.0126071428571429,1.86347673397717,68.2260097616367,0.525263394185862,0.105263157894737
"C57_TC193_G2CEPHYS3_DIV11_C","hpc",11,2.76,1.153,71.391,0.4825,26.47349357919,14,0.010875,1.34562616617276,26.4663027096829,0.384293457214176,0.271186440677966
"C57_TC193_G2CEPHYS3_DIV11_D","hpc",11,2.64,1.664,82.163,0.64,31.2808692788936,16,0.01185,1.66502030512567,24.0429510975684,0.391855022900567,0.172413793103448
"TC126-NB-C57-DIV11_A","hpc",11,3.36,0.594,88.753,0.4345,13.2352941176471,22,0.026,0.91747146619842,48.5590397567605,0.414292704973922,0.315789473684211
"TC127-NB-C57-DIV11_A","hpc",11,4.08,0.682,96.56,0.17,20.5420827389444,20,0.0213311688311688,1.03588280478437,34.1072928446114,0.492014528298702,0.655172413793103
"TC128-NB-C57-DIV11_A","hpc",11,2.55,0.352,71.7685,0.4535,7.44073748902546,17,0.01875,0.306189640035119,47.6981926538206,0.370569443076522,0.185185185185185
"TC137-NB-C57-DIV11_A","hpc",11,5.88,0.522,89.275,0.73,17.3197234112611,19,0.0215,1.75941170014268,81.9072094216166,0.468425475144079,0.326530612244898
"TC138-NB-C57-DIV11_A","hpc",11,4.44,0.675,98.812,0.336,20.3467954345917,26,0.0177272727272727,1.30706760316067,43.3221889376196,0.581195318153351,0.96551724137931
"TC142-C57-DIV11_A","hpc",11,4.02,0.323,73.497,0.657,6.12379280070237,27,0.0286666666666667,0.947651448639157,70.3527161511346,0.421937223134096,0.0357142857142857
"TC143-C57-DIV11_A","hpc",11,3.03,0.517,77.7225,0.594,11.6549604916594,17,0.0220357142857143,0.592625109745391,56.0856234114327,0.412312241693738,0.210526315789474
"TC144-C57-DIV11_A","hpc",11,4.8,0.3695,85.392,0.551,11.0635495554824,23,0.0269732142857143,0.786960816595324,66.3028566668097,0.446281405108101,0
"TC145-C57-DIV11_A","hpc",11,3,0.5915,82.4745,0.5545,10.5979155238618,17,0.02175,0.831596269884805,49.4150587212724,0.399315161981809,0.215686274509804
"TC175-C57-DIV11_A","hpc",11,2.04,0.76,66.591,0.511,0.329091706888986,12,0.00689999999999999,0.422334357174199,18.0054567352246,0.161806190472,0.485714285714286
"TC176-C57-DIV11_A","hpc",11,4.08,0.373,91.3155,0.4125,6.12244897959184,20,0.027875,1.28922536756638,77.5452596297148,0.482102944609401,0.121951219512195
"TC177-C57-DIV11_A","hpc",11,2.85,0.9965,77.222,0.5425,9.28140427866155,15,0.0116862745098039,0.93911135490949,30.3325957925214,0.312603436149405,0.142857142857143
"TC178-C57-DIV11_A","hpc",11,2.34,0.6195,62.4265,0.608,8.09654415798135,13,0.0107785714285714,0.73944048272079,36.1519952897078,0.313223449331313,0.173076923076923
"TC186-DIV11_A","hpc",11,3.42,1.2875,97.154,0.183,34.2913558578324,24,0.0110625,1.21325142606406,18.3545822251607,0.619457543116858,0.932203389830508
"TC187-DIV11_A","hpc",11,3.78,1.099,95.73,0.293,20.1492537313433,20,0.0176607142857143,1.57923617208077,33.9361271380949,0.50746534796971,0.87719298245614
"TC188-DIV11_A","hpc",11,3.06,1.2425,88.6275,0.5165,32.5908043454406,18,0.014325,2.06957094260946,40.621136373124,0.497296237528251,0.932203389830508
"TC189-DIV11_A","hpc",11,3.48,1.348,97.437,0.228,24.6927129060579,18,0.0207,1.56277436347673,26.1427448939497,0.452716421850626,0.945454545454545
"TC190-DIV11_A","hpc",11,3.24,1.066,87.7765,0.566,21.5931533903884,18.5,0.0143225274725275,1.72591617292078,52.0586384071041,0.494997996259883,0.859649122807018
"TC89_DIV11_A","hpc",11,3.12,0.858,97.754,0.308,12.1145616152749,35.5,0.034425,2.51399100186547,80.4776325374835,0.678431541543584,0.525423728813559
"TC90_DIV11_A","hpc",11,2.34,0.928,98.8,0.106,12.0473996050033,20,0.018875,0.573842440201887,36.0948172312678,0.483842096223004,0.60377358490566
"TC91-NB-C57-DIV11_A","hpc",11,2.52,2.735,99.957,0.221,37.5905200789993,31,0.0226615384615385,3.4990125082291,33.6470970018823,0.649159221611294,0.898305084745763
"TC92-NB-C57-DIV11_A","hpc",11,3,0.225,94.599,0.455,7.04410796576695,24,0.0191625,0.487162606978275,81.5112014537171,0.617334584027155,0.229166666666667
"C57_TC191_G2CEPHYS1_DIV14_A","hpc",14,1.95,2.0875,89.215,0.526,8.49149753154142,11,0.00875000000000001,0.919912232583653,20.5181133573191,0.244884713099807,0.0555555555555556
"C57_TC191_G2CEPHYS1_DIV14_B","hpc",14,3.24,2.096,90.069,0.9595,59.1771804717499,37,0.02205,5.73230938014262,32.9661214220167,0.689338429263941,0.220338983050847
"C57_TC191_G2CEPHYS3_DIV14_C","hpc",14,1.5,2.9245,99.3915,0.18,33.1906486664472,19,0.0126,1.23916145318845,24.3294308296076,0.5177599201829,0.649122807017544
"C57_TC191_G2CEPHYS3_DIV14_D","hpc",14,1.38,1.816,85.321,0.4615,18.834376028976,13,0.0105,1.19086818131928,20.1959336300456,0.258953186061452,0.156862745098039
"C57_TC192_G2CEPHYS1_DIV14_A","hpc",14,2.34,1.69,99.805,0.108,34.6280447662936,24,0.0113919642857143,2.16809304366908,32.8243170385699,0.613797773013762,0.23728813559322
"C57_TC192_G2CEPHYS1_DIV14_B","hpc",14,1.98,2.085,97.507,0.228,27.8472679394338,17,0.0120833333333333,1.00065832784727,23.2045989280606,0.506579260008857,0.824561403508772
"C57_TC192_G2CEPHYS3_DIV14_C","hpc",14,1.8,1.813,87.529,0.466,23.6417517286796,16,0.0104,0.720008780594885,25.2378979154795,0.410643950674786,0.677966101694915
"C57_TC192_G2CEPHYS3_DIV14_D","hpc",14,1.74,2.086,98.952,0.193,30.2271978926572,18,0.0139714285714286,1.06793985292504,31.8987171017791,0.531125365371189,0.406779661016949
"C57_TC193_G2CEPHYS1_DIV14_A","hpc",14,2.22,1.733,96.778,0.252,29.6247531270573,17,0.0104,0.820715382927365,22.4502575491696,0.521337408646668,0.76271186440678
"C57_TC193_G2CEPHYS1_DIV14_B","hpc",14,1.74,1.9925,93.251,0.391,33.4430546412113,22,0.0146022727272727,2.2163704191354,37.5686658539889,0.506683482841888,0.288461538461538
"C57_TC193_G2CEPHYS3_DIV14_C","hpc",14,1.86,1.232,79.0755,0.236,16.7928877181429,13,0.0095625,0.512567226429591,22.58843832379,0.39430371119694,0.457627118644068
"C57_TC193_G2CEPHYS3_DIV14_D","hpc",14,1.38,2.3635,93.428,0.4105,27.3954560421469,17,0.0136726190476191,1.24464932499177,27.0737096247022,0.435165581013945,0.706896551724138
"TC102-NB-C57-DIV14_A","hpc",14,3.84,0.464,71.198,0.965,10.5344014045869,31,0.0258285714285714,0.900910786788105,71.2056463128469,0.571932534658023,0.525423728813559
"TC102-NB-C57-DIV14_B","hpc",14,3.18,0.246,83.042,0.222,4.74048063206408,52,0.0479878246753247,2.21880829584111,129.07309177164,0.65550802473295,0.220338983050847
"TC107-NB-C57-DIV14_A","hpc",14,3.3,0.888,77.82,0.619,12.5109745390694,19,0.0226904761904762,1.3509657594381,32.9363095466086,0.388562865378088,0.660377358490566
"TC108-NB-C57-DIV14_A","hpc",14,2.22,0.886,73.629,0.518,14.2214418961923,15,0.0221,0.55305607374081,33.9316200433932,0.34960210479615,0.568627450980392
"TC109-UO126-DIV14_A","hpc",14,3.51,1.257,91.5375,0.438,17.5792823439043,15,0.018,1.24437616591682,29.5668001511675,0.334364072081678,0.636363636363636
"TC110-UO126-DIV14_A","hpc",14,2.1,0.925,85.086,0.375,13.4328358208955,22,0.0251714285714286,1.04258121158911,42.3252557452855,0.460178963624203,0.350877192982456
"TC111-UO126-DIV14_A","hpc",14,2.67,0.9935,73.827,0.631,10.7989464442493,23.5,0.0221821428571429,2.05333625987709,33.7271835077856,0.414654927245878,0.372881355932203
"TC115-NB-C57-DIV14_A","hpc",14,6.27,0.5245,72.0795,0.6155,22.5197541703248,23,0.0186663961038961,1.58362598770852,49.2893419103858,0.51361146920304,0.784313725490196
"TC116-NB-C57-DIV14_A","hpc",14,3.6,0.592,60.828,0.7505,7.11072094809613,16,0.0236517857142857,0.774717436628992,40.7049229378999,0.272085216121113,0.0769230769230769
"TC117-NB-C57-DIV14_A","hpc",14,8.07,0.4345,92.197,0.3495,19.8858647936787,27.5,0.0254642857142857,2.08077260755048,61.1973839560099,0.467794969105818,0.620689655172414
"TC126-NB-C57-DIV14_A","hpc",14,3.06,0.769,86.4105,0.454,14.6164819488643,31,0.0218452380952381,1.22133216284429,55.2639371310347,0.580018311827155,0.947368421052632
"TC127-NB-C57-DIV14_A","hpc",14,2.94,1.1925,96.579,0.14,28.972783143108,23,0.0143056318681319,0.813213345039508,20.5455582428305,0.597385214452341,0.966101694915254
"TC128-NB-C57-DIV14_A","hpc",14,2.13,1.0575,79.7475,0.48,16.9208822561176,22,0.0143409090909091,0.434544057939208,21.2802432817819,0.549972049735326,0.767857142857143
"TC129-NB-C57-DIV14_A","hpc",14,4.86,0.375,88.267,0.308,14.4189619225283,25,0.01575,0.908592121145616,49.663569387393,0.574149004092524,0.8
"TC129-NB-C57-DIV14_B","hpc",14,4.98,0.403,99.481,0.107,17.842642379019,32,0.0196071428571429,1.59991221332163,54.1468178089818,0.688393624463758,0.947368421052632
"TC130-NB-C57-DIV14_A","hpc",14,3.69,0.739,90.187,0.449,18.1718424229123,20,0.026525,0.776912103588281,47.6635234015345,0.500749741057125,0.843137254901961
"TC130-NB-C57-DIV14_B","hpc",14,4.5,0.788,87.919,0.669,18.1718424229123,24,0.02905,1.97958959727861,71.2589064743671,0.530910602459881,0.854545454545454
"TC142-C57-DIV14-preSham_A","hpc",14,2.76,0.99,82.537,0.5925,6.78152090420279,14,0.022125,0.860858114781082,41.7556995895942,0.356841521416237,0.232142857142857
"TC143-C57-DIV14-preSham_A","hpc",14,3,0.7585,92.5265,0.173,6.71715508725716,15,0.01658125,0.430797936560202,38.6158981920994,0.40351557145957,0.296296296296296
"TC144-C57-DIV14-preSham_A","hpc",14,2.88,1.7645,95.3415,0.112,19.9517120280948,15,0.020625,1.26701053555751,38.4350266196036,0.466835300187686,0.42
"TC145-C57-DIV14-preSham_A","hpc",14,2.64,1.015,88.143,0.4495,13.3669885864794,13,0.01725,1.07605355575066,42.0474916731182,0.340763444292367,0.115384615384615
"TC146-C57-DIV14_A","hpc",14,3.87,0.649,90.199,0.432,17.7090190915076,17,0.015875,1.76267281105991,60.6921015288474,0.517272910961742,0.06
"TC146-C57-DIV14_B","hpc",14,2.46,1.208,97.35,0.349,22.5148123765635,32,0.022012987012987,2.94601711652403,63.8338668690143,0.701701268667871,0.709090909090909
"TC147-C57-DIV14_A","hpc",14,3.36,0.588,94.901,0.191,12.9704817293976,34,0.0290952380952381,2.66871502249534,62.5725239914677,0.626283175957122,0.220338983050847
"TC147-C57-DIV14_B","hpc",14,4.86,0.659,85.962,0.83,26.2701635026885,19,0.01725,2.00482826731044,45.6355107726437,0.457478239251632,0.0357142857142857
"TC148-C57-DIV14_B","hpc",14,3.78,0.6365,96.827,0.2075,16.7251975417032,29,0.0224791666666667,2.5,74.6326818021315,0.621346257253722,0.254237288135593
"TC175-C57-DIV14_A","hpc",14,2.1,0.621,74.898,0.398,2.63302249040044,13,0.00713749999999999,0.433900164563906,29.4338247138616,0.224871899688184,0.1
"TC176-C57-DIV14_A","hpc",14,3.78,0.2895,88.6935,0.421,6.25548726953468,23,0.0338333333333333,1.17427568042142,63.9175424120764,0.520982346418372,0.0465116279069767
"TC177-C57-DIV14_A","hpc",14,3.78,0.912,80.345,0.651,12.046077893582,13,0.009,1.3795940756994,36.718018431952,0.328105615650125,0.0535714285714286
"TC178-C57-DIV14_A","hpc",14,3.81,0.4555,73.707,0.587,9.67954345917471,16,0.01025,0.956979806848112,49.0269204202606,0.385931902639882,0
"TC186-DIV14_A","hpc",14,2.88,1.597,94.22,0.347,35.6155365371955,18,0.01105,1.19925389510643,20.9097347723129,0.510149890063611,0.915254237288136
"TC187-DIV14_A","hpc",14,2.34,4.1245,97.283,0.417,48.5294117647059,15,0.0149166666666666,2.33373573309921,18.7576873215466,0.379748342738072,0.758620689655172
"TC188-DIV14_A","hpc",14,2.58,1.9325,90.4465,0.7875,37.7346065195917,32,0.0230181818181818,3.96334101635386,46.516916831401,0.594252426795367,0.491525423728814
"TC189-DIV14_A","hpc",14,3.24,2.003,98.777,0.181,34.7014925373134,21,0.018375,2.27831431079895,33.3863816046476,0.480073223073945,0.913793103448276
"TC190-DIV14_A","hpc",14,2.52,2.05,95.421,0.546,36.2120048282673,26,0.0173928571428572,3.04455173927357,66.587941375133,0.591765361425759,0.603448275862069
"TC91-NB-C57-DIV14_A","hpc",14,2.4,2.6495,99.92,0.149,40.035118525022,34,0.023025,4.57309043020193,44.2232296416524,0.684775963830522,0.966101694915254
"TC92-NB-C57-DIV14_A","hpc",14,2.34,0.962,100,0.256,14.6148782093483,28,0.0154017857142857,0.833881939872723,40.8583720640805,0.657968788400449,0.836363636363636
"TC107-NB-C57-DIV17_A","hpc",17,2.46,1.0135,75.893,0.743,16.262482168331,25,0.01935,1.79962690661692,34.5553297254097,0.449971701715143,0.727272727272727
"TC108-NB-C57-DIV17_A","hpc",17,1.08,1.4485,73.4765,0.673,17.645122352683,18,0.0215,0.872380116317349,20.6424331144345,0.349223147694541,0.588235294117647
"TC109-UO126-DIV17_A","hpc",17,2.55,2.111,91.078,0.456,36.277844837046,20,0.01905,1.89619225282563,23.183280678779,0.410180528625993,0.842105263157895
"TC110-UO126-DIV17_A","hpc",17,3.03,0.4255,68.9855,0.632,8.36168111489082,19,0.01775,1.41336552178207,46.4809896115723,0.450520391382844,0.0701754385964912
"TC111-UO126-DIV17_A","hpc",17,3.78,0.335,78.04,0.369,8.23000109733348,46,0.0363333333333333,2.27806430374191,87.2783667007547,0.643024260240726,0.593220338983051
"TC115-NB-C57-DIV17_A","hpc",17,3.12,2.475,94.976,0.348,65.3791287172172,15,0.01425,1.31570284209371,15.7379617986554,0.490793722535523,0.775510204081633
"TC116-NB-C57-DIV17_A","hpc",17,1.62,1.8375,79.232,0.5235,20.0812026774937,17,0.019875,1.18347415779655,17.4714505645449,0.323511547025339,0.692307692307692
"TC117-NB-C57-DIV17_A","hpc",17,11.37,1.5175,99.0365,1.733,91.8568920105355,25,0.0152857142857143,3.96619841966637,19.1839365567934,0.545368657619509,0.807017543859649
"TC129-NB-C57-DIV17_A","hpc",17,3.9,0.179,78.94,0.414,7.90166812993854,32,0.0168410714285714,0.57396839332748,57.0415118956253,0.580323147303425,0.315789473684211
"TC129-NB-C57-DIV17_B","hpc",17,3.3,1.23,99.724,0.201,24.6268656716418,30,0.020371875,2.03193590869183,34.5206443422287,0.690265491118288,0.964285714285714
"TC130-NB-C57-DIV17_A","hpc",17,3,1.067,89.2675,0.534,24.0342405618964,21,0.026,1.14299824407375,61.5001678997133,0.526961658994541,0.796296296296296
"TC130-NB-C57-DIV17_B","hpc",17,4.02,0.767,89.9,0.632,21.0711150131694,32,0.0187260416666667,2.14991220368745,112.291514297036,0.615721409399684,0.842105263157895
"TC146-C57-DIV17_A","hpc",17,4.08,0.5,99.497,0.286,16.9208822561176,24,0.02,1.74037089871612,61.0891420978264,0.632177624474755,0.269230769230769
"TC146-C57-DIV17_B","hpc",17,2.7,0.902,97.909,0.342,18.435202458027,35,0.021275,2.59025567870076,73.0947853467236,0.660687988754022,0.706896551724138
"TC147-C57-DIV17_A","hpc",17,2.58,1.714,99.8615,0.174,23.7656352863726,35,0.0228,2.88567039719113,40.9289902721072,0.692589823255619,0.949152542372881
"TC147-C57-DIV17_B","hpc",17,5.46,0.406,78.673,0.822,18.2356813693219,17,0.01475,2.72986614000439,54.4219164937186,0.49608099182261,0.0172413793103448
"TC148-C57-DIV17_B","hpc",17,2.94,0.663,98.581,0.34,14.0882159315339,35,0.0216747949419002,2.05617730963353,81.225604096279,0.69894008912158,0.847457627118644
"C57_TC191_G2CEPHYS1_DIV18_A","hpc",18,8.22,1.015,84.33,2.515,12.7085162423178,11,0.014125,1.66812993854258,22.1745520789026,0.292313945354199,0.242424242424242
"C57_TC191_G2CEPHYS1_DIV18_B","hpc",18,4.26,3.144,96.449,2.71,78.0289727831431,46,0.0165721153846154,8.64354697102722,46.8049487837741,0.771321611493008,0.915254237288136
"C57_TC191_G2CEPHYS3_DIV18_C","hpc",18,6.78,0.916,99.002,0.42,34.5077378992427,23,0.0202125,1.81264405663484,27.1972890080545,0.571078271530067,0.928571428571429
"C57_TC191_G2CEPHYS3_DIV18_D","hpc",18,2.52,1.313,75.926,2.2895,19.8880474152124,14,0.016,0.778180221710021,18.7563550153273,0.362332872533975,0.565217391304348
"C57_TC192_G2CEPHYS1_DIV18_A","hpc",18,7.02,0.828,99.487,0.625,35.4916593503073,27,0.0225,2.81606672519754,32.2589346989303,0.658045801017111,1
"C57_TC192_G2CEPHYS1_DIV18_B","hpc",18,2.91,0.778,86.8765,0.889,16.198419666374,15,0.0113163461538462,0.91747146619842,32.897704889139,0.377434803064119,0.736842105263158
"C57_TC192_G2CEPHYS3_DIV18_C","hpc",18,6.96,0.674,98.167,0.559,31.9394138952914,20,0.0147857142857143,1.27757655581166,27.6641756553659,0.468233620673482,0.864406779661017
"C57_TC192_G2CEPHYS3_DIV18_D","hpc",18,6.72,0.725,99.488,0.276,28.514981890023,27,0.0264,2.22917352650642,35.81009574123,0.549361515268875,0.932203389830508
"C57_TC193_G2CEPHYS1_DIV18_A","hpc",18,7.38,0.688,97.139,0.4,33.7796312554873,19,0.01625,1.41681299385426,22.0432727088765,0.497964863440594,0.912280701754386
"C57_TC193_G2CEPHYS1_DIV18_B","hpc",18,3,3.2245,99.5605,0.995,46.3564530289728,26,0.0175837912087912,2.68382352941176,33.6348628402965,0.583036489538835,0.759259259259259
"C57_TC193_G2CEPHYS3_DIV18_C","hpc",18,5.49,0.4985,82.8985,1.042,22.9173526506421,16,0.0152379807692308,0.86379102184173,23.0249314867735,0.413464045272946,0.813559322033898
"C57_TC193_G2CEPHYS3_DIV18_D","hpc",18,2.1,2.999,93.292,1.3985,38.9858412907474,18,0.0144678571428572,1.41202941499287,19.3105025992812,0.474250887369986,0.696428571428571
"TC103-NB-C57-DIV18_A","hpc",18,4.26,4.551,99.31,1.237,93.943383805135,33,0.0153214285714286,6.75554092604784,22.0100992063862,0.664993510222437,0.948275862068966
"TC103-NB-C57-DIV18_B","hpc",18,7.98,1.713,96.321,0.482,76.8268597761685,13,0.0162,1.42912003511082,15.633781939561,0.352976741687985,0.62962962962963
"TC104-NB-C57-DIV18_A","hpc",18,2.94,4.079,99.642,0.2395,68.6635944700461,18,0.0154285714285714,3.6136712749616,20.8983408071717,0.395912356245668,0.896551724137931
"TC104-NB-C57-DIV18_B","hpc",18,2.52,1.963,94.2805,0.265,24.0289664252798,27,0.020325,1.84990125082291,29.0327316641537,0.534848948082438,0.847457627118644
"TC126-NB-C57-DIV18_A","hpc",18,1.62,1.411,93.079,0.351,18.9640035118525,28,0.0190488095238095,1.14574187884109,39.3681745550689,0.60656042428127,0.779661016949153
"TC127-NB-C57-DIV18_A","hpc",18,5.88,1.462,97.4045,0.303,48.4635645302897,29,0.0147248949579832,2.53402107111501,20.8277938911297,0.647604996623073,0.932203389830508
"TC128-NB-C57-DIV18_A","hpc",18,2.1,1.486,95.511,0.13,22.2563652326602,19,0.0148870192307692,0.609086918349429,16.1197178467914,0.538745750662468,0.872727272727273
"TC137-NB-C57-DIV18_A","hpc",18,5.46,0.314,93.867,0.479,13.630377524144,33,0.034,2.77765583845478,104.789525099145,0.618209920553265,0.109090909090909
"TC138-NB-C57-DIV18_A","hpc",18,4.8,0.382,99.913,0.369,18.6347673397717,34,0.0179142857142857,1.63630377524144,55.8981627304594,0.727736507794651,0.440677966101695
"TC142-C57-DIV18_A","hpc",18,5.64,1.295,88.7965,0.39,44.7761194029851,21,0.017875,1.53863037752414,22.4355883145353,0.505660629095998,0.379310344827586
"TC143-C57-DIV18_A","hpc",18,5.82,2.09,96.756,0.396,62.9223343571742,22,0.01418125,2.67112768758227,19.459080905003,0.548919144126306,0.666666666666667
"TC144-C57-DIV180001_A","hpc",18,4.02,0.583,84.862,0.623,12.1158911325724,25,0.0325255952380952,1.13915715539947,91.9610178578544,0.551676437498728,0.0961538461538462
"TC145-C57-DIV18_A","hpc",18,4.02,2.28,98.6955,0.681,44.9028859870515,16,0.024,1.77987490398332,42.3993894007279,0.411088879313406,0.607843137254902
"TC186-DIV18_A","hpc",18,3.54,0.666,29.779,0.792,51.3608428446005,16,0.00980178571428571,1.10403863037752,13.1754685942342,0.396530639963547,0.305084745762712
"TC187-DIV18_A","hpc",18,2.76,0.741,21.57,0.846,45.4954460660595,14,0.0129107142857143,1.33655217820696,12.2661300701994,0.337360409885193,0
"TC188-DIV18_A","hpc",18,18.24,1.1405,99.5965,0.448,87.2475856014047,40,0.025125,11.5594820017559,42.0976728269438,0.719611548450047,0.88135593220339
"TC189-DIV18_A","hpc",18,13.68,1.353,98.351,0.456,88.2159315339039,23,0.0158571428571428,4.01415404871626,17.0136996863296,0.530358151258395,0.637931034482759
"TC190-DIV18_A","hpc",18,20.1,0.965,98.401,0.446,89.8254856766546,28,0.0161773538961039,5.36439468774009,20.2712268145224,0.607405948210465,0.758620689655172
"TC89_DIV18_A","hpc",18,2.34,2.5845,95.536,0.88,43.7177658290354,36,0.0172589285714286,4.2324152309887,80.0264988768047,0.687749735000797,0.966101694915254
"TC90_DIV18_A","hpc",18,2.58,0.913,92.679,0.722,27.6528036870405,25,0.0174852941176471,1.80621090749479,42.3949963152019,0.531834611459473,0.803571428571429
"TC91-NB-C57-DIV18_A","hpc",18,4.02,0.7125,99.0725,0.198,23.5048831339844,38,0.0245,2.61823768243169,67.1611666072345,0.724377355647081,0.440677966101695
"TC92-NB-C57-DIV18_A","hpc",18,2.52,0.434,90.909,0.548,7.70074594120228,33,0.0161142857142857,0.63624396665204,87.0858240047131,0.677983494522015,0.789473684210526
"C57_TC191_G2CEPHYS1_DIV21_A","hpc",21,14.88,1.347,98.421,0.9,46.2906057945566,12,0.01675,2.20094381035996,25.8985939808114,0.358451398904757,0.617647058823529
"C57_TC191_G2CEPHYS1_DIV21_B","hpc",21,11.1,3.186,100,0.851,221.049165935031,43,0.0157,20.0153643546971,41.3559102416768,0.791015315529843,0.949152542372881
"C57_TC191_G2CEPHYS3_DIV21_C","hpc",21,10.44,1.826,99.8195,0.8165,73.7569970365492,27,0.0210400641025641,5.27823510042805,30.5489175086008,0.581447938914537,0.155172413793103
"C57_TC191_G2CEPHYS3_DIV21_D","hpc",21,14.22,1.0145,97.238,0.905,79.42048073757,16,0.017625,2.15453846998134,24.4478633840736,0.415326542319478,0.74
"C57_TC192_G2CEPHYS1_DIV21_A","hpc",21,10.02,0.504,95.317,0.3825,37.928007023705,19,0.0198,1.70654082528534,24.8175888812323,0.491179758466128,0.966101694915254
"C57_TC192_G2CEPHYS1_DIV21_B","hpc",21,2.7,1.1465,81.9925,1.113,18.2396839332748,17,0.013,0.859306409130816,30.1761843952968,0.386091161339242,0.789473684210526
"C57_TC192_G2CEPHYS3_DIV21_C","hpc",21,14.76,0.9675,98.6085,0.663,75.8643398090221,21,0.0195491071428571,4.02919547799363,24.9645751628051,0.520177742823569,0.76271186440678
"C57_TC192_G2CEPHYS3_DIV21_D","hpc",21,12.66,1.081,99.355,0.662,67.6983865656898,26,0.02925,5.68104489079135,43.2956374266131,0.545696859643031,0.983050847457627
"C57_TC193_G2CEPHYS1_DIV21_A","hpc",21,13.14,0.819,98.991,0.535,67.1641791044776,25,0.0175441558441559,3.37247585601405,28.6361699687076,0.544507492951138,0.779661016949153
"C57_TC193_G2CEPHYS1_DIV21_B","hpc",21,10.92,2.437,99.879,0.756,99.6268656716418,31,0.0194642857142857,7.98726953467954,46.2191062107479,0.572835141401954,0.655172413793103
"C57_TC193_G2CEPHYS3_DIV21_C","hpc",21,12.6,0.647,81.9965,1.367,55.581165623971,15,0.014775,2.13697728021073,27.3173286890896,0.36480031138653,0.796610169491525
"C57_TC193_G2CEPHYS3_DIV21_D","hpc",21,4.26,4.367,98.674,2.166,81.9888047415212,22,0.0154,3.61211722094172,30.2750806706131,0.532431839773142,0.636363636363636
"TC102-NB-C57-DIV21_A","hpc",21,3.9,0.394,72.607,0.903,12.2422114962703,39,0.0199735576923077,1.52808249232119,70.127490785674,0.585015162013232,0.322033898305085
"TC102-NB-C57-DIV21_B","hpc",21,1.86,1.38,96.099,0.313,12.5713032031593,47,0.0286473214285714,2.92672224659939,59.9087861356013,0.728910110862217,0.847457627118644
"TC103-NB-C57-DIV21_A","hpc",21,10.14,1.807,99.812,0.496,106.966538672518,29,0.01445,5.73669775095996,20.721317378811,0.662364974778818,0.948275862068966
"TC103-NB-C57-DIV21_B","hpc",21,10.2,0.976,86.29,0.504,63.6533187054306,13,0.0120857142857143,0.872737246297312,14.5378731203965,0.369939797111225,0.689655172413793
"TC104-NB-C57-DIV21_A","hpc",21,6.36,2.943,99.265,0.406,102.501645819618,24,0.0129375,4.33289444810182,16.735391505784,0.56789795212671,0.864406779661017
"TC104-NB-C57-DIV21_B","hpc",21,9.42,1.877,99.976,0.594,91.7709019091508,25,0.025775,6.51525126179504,29.0699537231363,0.523682968326666,0.864406779661017
"TC107-NB-C57-DIV21_A","hpc",21,4.35,2.883,95.522,1.377,68.0860403863038,29,0.0169783216783217,5.55970149253731,41.5531062906518,0.58168839790507,0.859649122807018
"TC108-NB-C57-DIV21_A","hpc",21,4.02,4.592,91.982,1.6105,78.4154504553934,18,0.02025,3.53231647097553,15.6324560550382,0.365380781105247,0.69811320754717
"TC109-UO126-DIV21_A","hpc",21,10.74,2.216,99.545,0.612,129.243937232525,26,0.0150214285714286,5.024690003292,16.8001276801759,0.574475491676811,0.898305084745763
"TC110-UO126-DIV21_A","hpc",21,1.86,0.576,76.106,0.5645,18.5030728709394,14,0.0110833333333333,1.49582967515364,44.2888617512504,0.545974243204592,0.0689655172413793
"TC111-UO126-DIV21_A","hpc",21,4.2,0.492,94.688,0.281,11.1928014923735,42.5,0.0400178571428571,2.44485899264787,66.2641771481114,0.694068723610028,0.898305084745763
"TC115-NB-C57-DIV21_A","hpc",21,4.05,0.835,38.058,0.732,3.09448041259739,11,0.00785000000000002,0.312740041698672,11.8851400852298,0.16821966174065,0.411764705882353
"TC116-NB-C57-DIV21_A","hpc",21,5.4,3.66,91.8755,0.95,92.2418522989136,16,0.014,2.71919236255898,17.7253794883127,0.384661768048333,0.693877551020408
"TC117-NB-C57-DIV21_A","hpc",21,11.73,1.332,94.697,0.512,75.12345001646,14,0.0156,0.974432129924284,13.6527039433096,0.325803201461027,0.315789473684211
"TC126-NB-C57-DIV21_A","hpc",21,1.92,2.073,90.829,0.941,45.1662460221661,31,0.0167226107226107,2.86294304839241,72.2539057436322,0.646855110977647,0.898305084745763
"TC127-NB-C57-DIV21_A","hpc",21,3.66,0.406,98.4785,0.248,12.5109745390694,30,0.0203627819548872,0.883450395083407,60.8704155277308,0.62518733904435,0.88135593220339
"TC128-NB-C57-DIV21_A","hpc",21,1.62,4.113,96.426,0.102,42.3397717295874,19,0.0170576923076923,1.26316944688323,12.7978713364932,0.424760331916048,0.735849056603774
"TC129-NB-C57-DIV21_A","hpc",21,6.48,0.394,93.433,0.271,25.8121158911326,17,0.011175,0.872475856014047,30.0160097132163,0.535737284453626,0.596491228070175
"TC129-NB-C57-DIV21_B","hpc",21,7.68,0.553,99.835,0.088,42.208077260755,28,0.014855614973262,2.13454784899034,34.7258234338812,0.663516940620415,0.736842105263158
"TC130-NB-C57-DIV21_A","hpc",21,10.8,0.285,99.594,0.379,14.6823219576429,28,0.0244772727272727,1.53078020410403,92.2355206945402,0.485561771011417,0.290909090909091
"TC130-NB-C57-DIV21_B","hpc",21,9.6,0.2825,95.993,0.211,24.4924832656644,31,0.0214964285714286,2.85965104795347,64.1961146203363,0.577326220074775,0.0350877192982456
"TC137-NB-C57-DIV21_A","hpc",21,6.78,0.3435,99.7135,0.275,18.632722484363,34,0.0357142857142857,4.06507187534292,110.624682658409,0.670325665700732,0.62962962962963
"TC138-NB-C57-DIV21_A","hpc",21,4.14,1.539,99.974,0.276,39.7058823529412,33,0.0154375,2.58779631255487,28.3901727092542,0.714550367650568,0.983050847457627
"TC142-C57-DIV21_A","hpc",21,3.54,2.055,96.957,0.289,44.0517998244074,17,0.0181428571428571,1.09306409130817,18.5204483885737,0.427029259011673,0.827586206896552
"TC143-C57-DIV21_A","hpc",21,5.37,2.0995,95.6845,0.5285,73.6172080772608,18,0.0162,2.20149253731343,17.1837832318117,0.451730815022322,0.8
"TC144-C57-DIV21_A","hpc",21,4.08,2.446,99.586,0.533,54.0605794556629,22,0.0205,2.19271290605795,24.2047921773235,0.514559452258691,0.836363636363636
"TC145-C57-DIV21_A","hpc",21,7.38,1.6475,99.734,0.505,60.3094480412597,20,0.0157922619047619,2.32415230988697,26.6707220480443,0.50461224247738,0.709090909090909
"TC146-C57-DIV21_A","hpc",21,4.62,0.975,99.958,0.298,32.7883243717766,25,0.0185,2.22429496323933,37.9897624172311,0.633622210634579,0.944444444444444
"TC146-C57-DIV21_B","hpc",21,7.14,2.902,99.837,0.746,118.577855810381,34,0.0154358974358974,9.04586853944914,36.6409653456057,0.706734333952714,0.964285714285714
"TC147-C57-DIV21_A","hpc",21,3.48,1.684,97.364,0.379,35.4258121158911,15,0.0211375,1.35316066725198,22.3452881013627,0.405548010523445,0.728813559322034
"TC147-C57-DIV21_B","hpc",21,4.2,0.486,77.908,0.929,34.6356453028973,18,0.015,3.15298507462687,70.5958509979098,0.552649327584927,0
"TC148-C57-DIV21_B","hpc",21,4.86,1.273,99.526,0.378,35.0268846702513,37,0.0225645833333333,4.29606057280808,59.7370209929571,0.746191130321484,0.949152542372881
"TC175-C57-DIV21_APV_A","hpc",21,1.89,1.1865,66.9335,0.66,7.5716010095468,13,0.00685714285714288,0.435641391418852,17.312686089502,0.331389954879583,0.674418604651163
"TC176-C57-DIV21_A","hpc",21,5.64,1.17,99.057,0.722,33.0516844068913,21,0.0199607142857143,2.87885438384725,49.9746785477598,0.614557968330434,0.763157894736842
"TC177-C57-DIV21_APV_A","hpc",21,2.88,0.969,87.405,0.584,22.0588235294118,13,0.010875,0.570676031606672,36.2311243269824,0.373334322088162,0.596491228070175
"TC178-C57-DIV21_APV_A","hpc",21,5.7,1.406,99.595,0.821,44.8272078990675,27,0.0133125,2.26330224904004,30.178969037786,0.614258476974018,0.872727272727273
"TC186-DIV21_A","hpc",21,2.4,0.41,39.136,0.725,9.61369622475856,15,0.0154928571428572,0.327041264266901,30.6504277528977,0.288509251809229,0.593220338983051
"TC187-DIV21_A","hpc",21,10.32,0.725,56.687,0.7925,67.1568089542412,14,0.012,1.91100625480083,17.6611556759093,0.344862996780198,0.379310344827586
"TC188-DIV21_A","hpc",21,5.82,0.323,85.377,0.623,17.4495171202809,16,0.0108,3.04982440737489,89.5819866472334,0.610027644425563,0.0169491525423729
"TC189-DIV21_A","hpc",21,14.58,1.25,98.8595,0.6505,89.0815318775376,23,0.0194285714285714,4.48699659826621,22.8307913318284,0.528068160398963,0.741379310344828
"TC190-DIV21_A","hpc",21,7.98,0.2215,97.315,0.553,14.7449259462425,28,0.0197689393939394,2.26494788809654,94.0809660496887,0.582384296340671,0
"TC91-NB-C57-DIV21_A","hpc",21,3.18,1.4955,99.9245,0.137,36.0763660302831,38,0.0235416666666667,4.04871626069783,53.0823460337865,0.735207160910441,0.932203389830508
"TC92-NB-C57-DIV21_A","hpc",21,2.82,0.112,92.8455,0.4085,4.870557261957,37,0.0172108185931715,0.527643703378675,112.477975236752,0.67005142337791,0.245614035087719
"TC107-NB-C57-DIV24_A","hpc",24,1.98,1.533,80.228,0.524,15.0773620103149,27,0.020625,1.77274223636563,33.6886656584949,0.51998696686217,0.759259259259259
"TC108-NB-C57-DIV24_A","hpc",24,2.22,2.331,88.28,0.507,26.6652035553605,22,0.0214666666666667,1.49840886645452,22.882171113807,0.456354898277251,0.678571428571429
"TC109-UO126-DIV24_A","hpc",24,2.88,0.998,81.716,0.647,20.015362668715,21,0.018225,1.21200482826731,57.1282326306137,0.449491856597606,0.724137931034483
"TC110-UO126-DIV24_A","hpc",24,2.4,0.449,68.5345,0.6045,19.225282563371,14,0.011625,1.52255020300669,67.6698745742906,0.559138914083337,0
"TC111-UO126-DIV24_A","hpc",24,11.7,0.962,99.974,0.343,66.6374012291484,39,0.0274803571428571,10.0493854258121,55.8330757914765,0.736569328608571,1
"TC115-NB-C57-DIV24_A","hpc",24,4.92,0.521,95.751,0.2585,9.15176122023483,18,0.0155,0.23592669812356,25.9470593378405,0.407480486362793,0.51063829787234
"TC116-NB-C57-DIV24_A","hpc",24,1.26,1.571,72.0785,0.364,11.3244815099309,20,0.0164318181818182,0.490508065401075,18.4968934501221,0.44711259645988,0.538461538461538
"TC117-NB-C57-DIV24_A","hpc",24,2.88,0.7835,99.256,0.104,20.6124464932499,20,0.015,0.312808692788936,28.7426462919447,0.502517298419699,0.824561403508772
"TC129-NB-C57-DIV24_A","hpc",24,2.28,0.256,26.577,0.751,13.8937664618086,22,0.0165,0.649692712906058,38.2836884958765,0.454438335873891,0.368421052631579
"TC129-NB-C57-DIV24_B","hpc",24,11.91,0.2575,96.6085,0.253,30.1580333625988,18,0.0146215909090909,1.7603160667252,48.0415736989942,0.519440620211865,0.362068965517241
"TC130-NB-C57-DIV24_A","hpc",24,12.96,0.13,90.346,0.282,13.1680017557336,23,0.03771875,1.73817623175683,126.877840282446,0.481788849524888,0.285714285714286
"TC130-NB-C57-DIV24_B","hpc",24,11.22,0.1365,88.135,0.2395,11.4561615274882,34,0.0207708333333333,1.82321957642928,102.212912703388,0.483827965035244,0.137931034482759
"TC146-C57-DIV24_A","hpc",24,10.68,1.202,98.757,0.577,69.4535878867676,27,0.0165,4.01086240947992,35.6618288755128,0.60821400808037,0.910714285714286
"TC146-C57-DIV24_B","hpc",24,5.34,2.1205,99.3815,0.618,58.788676761027,33,0.021575,6.57779240728549,45.2347015417349,0.686474859444189,0.890909090909091
"TC147-C57-DIV24_A","hpc",24,5.7,1.9385,99.1295,0.434,60.1843722563652,23,0.02175,3.00318261633011,22.851364547286,0.48637237692989,0.724137931034483
"TC147-C57-DIV24_B","hpc",24,5.58,0.8565,93.027,1.261,63.6084284460053,23,0.018198717948718,6.16769095697981,51.5737691518969,0.630331517985169,0.553571428571429
"TC148-C57-DIV24_B","hpc",24,4.74,1.568,99.5375,0.382,43.3885657851421,36,0.0174375,3.95478986063865,38.2382397556101,0.740739906641735,0.966101694915254
"C57_TC191_G2CEPHYS1_DIV25_A","hpc",25,12.84,1.575,85.356,0.535,18.766461808604,12,0.0110089285714286,1.3065188762072,11.2716720567822,0.347245869481434,0
"C57_TC191_G2CEPHYS1_DIV25_B","hpc",25,16.86,2.051,99.911,0.3425,136.501316944688,29,0.0176126373626374,9.7739244951712,21.9618912096394,0.555002638069801,0.728813559322034
"C57_TC191_G2CEPHYS3_DIV25_C","hpc",25,11.4,1.201,93.6955,0.669,55.9762923938097,14,0.01725,2.46405443968829,16.6477447929382,0.321889189208468,0.649122807017544
"C57_TC191_G2CEPHYS3_DIV25_D","hpc",25,1.86,0.312,22.822,1.1335,9.48304247612776,12,0.009,0.203051256722643,41.9894553297927,0.286289860088821,0.136363636363636
"C57_TC192_G2CEPHYS1_DIV25_A","hpc",25,1.23,0.2585,17.1035,0.853,10.6014047410009,14,0.0174,0.341308165057068,30.9688980491881,0.264921981924714,0.706896551724138
"C57_TC192_G2CEPHYS1_DIV25_B","hpc",25,0.6,1.657,70.37,1.212,8.56014047410009,14,0.0106886363636364,0.26558384547849,26.1759777356482,0.332483449315204,0.685185185185185
"C57_TC192_G2CEPHYS3_DIV25_C","hpc",25,7.92,0.748,67.296,0.528,32.5321040500494,13,0.011525,0.958182416858742,14.8769318420595,0.27111829755712,0.0847457627118644
"C57_TC192_G2CEPHYS3_DIV25_D","hpc",25,12.42,0.748,97.429,0.483,42.6736911425749,16,0.016875,1.61343431017451,24.433891794941,0.364160834177626,0.620689655172414
"C57_TC193_G2CEPHYS1_DIV25_A","hpc",25,5.82,0.899,61.233,0.636,16.5276558384548,12,0.0121071428571429,0.769315188762072,14.9172804419915,0.206858248149429,0.107142857142857
"C57_TC193_G2CEPHYS1_DIV25_B","hpc",25,14.28,0.641,89.044,0.462,48.3318700614574,16,0.0178520833333333,1.6352063213345,23.4302905642182,0.345278255673793,0.145454545454545
"C57_TC193_G2CEPHYS3_DIV25_C","hpc",25,4.56,0.757,41.7665,0.6895,13.7635824827132,14,0.01025,0.518055098232905,15.1039271476021,0.237929317509899,0.0508474576271186
"C57_TC193_G2CEPHYS3_DIV25_D","hpc",25,4.5,0.4525,36.2755,0.862,35.29799143892,16,0.0157142857142857,1.26879596092635,19.171294325599,0.365212211474952,0.381818181818182
"TC103-NB-C57-DIV25_A","hpc",25,12.18,1.514,99.326,0.593,107.888096544158,27,0.0165974025974026,5.52441031267142,20.6860963199957,0.604708687741816,0.96551724137931
"TC103-NB-C57-DIV25_B","hpc",25,9.06,1.5955,92.468,0.564,30.148107515085,12,0.0124660714285714,0.673614920460779,15.3752674700718,0.233442732077841,0.705882352941177
"TC104-NB-C57-DIV25_A","hpc",25,6.54,2.4985,99.824,0.4975,104.980254497587,23,0.0126607142857143,5.17496709082931,22.0835578691121,0.533350484686239,0.896551724137931
"TC104-NB-C57-DIV25_B","hpc",25,5.46,1.671,95.188,0.51,49.8244844229925,29,0.0254642857142857,4.31439227731461,40.9481429214943,0.587916588063601,0.796610169491525
"TC126-NB-C57-DIV25_A","hpc",25,6.06,0.282,81.8935,0.496,17.052562273675,39,0.0169928571428571,1.51322286842972,79.5852179358308,0.639305351646954,0.338983050847458
"TC127-NB-C57-DIV25_A","hpc",25,8.22,0.194,98.232,0.252,17.8446005267779,27,0.0171428571428571,1.02172958735733,67.3584258374756,0.569981831425125,0.677966101694915
"TC128-NB-C57-DIV25_A","hpc",25,1.2,0.131,16.796,1.0155,7.5716010095468,23,0.0197272727272727,0.340173378689784,75.7359107576784,0.47362972897429,0.0545454545454545
"TC137-NB-C57-DIV25_A","hpc",25,9.54,0.305,99.908,0.279,20.5443371378402,35,0.0504166666666667,6.15452151009658,135.772102238562,0.675781980073713,0.836363636363636
"TC138-NB-C57-DIV25_A","hpc",25,7.8,0.2155,96.426,0.399,17.447602326347,26,0.023875,1.69757489300999,83.0938632120253,0.567443061708891,0.333333333333333
"TC142-C57-DIV25_A","hpc",25,3.96,2.21,98.046,0.3155,54.4556628621598,20,0.0150952380952381,1.78226514486392,18.9667278876773,0.530224993957014,0.859649122807018
"TC143-C57-DIV25_A","hpc",25,4.14,2.0925,95.7505,0.448,62.7524143985953,16,0.0163125,1.71093064091308,17.0460746112969,0.437196434389465,0.781818181818182
"TC144-C57-DIV25_A","hpc",25,4.32,2.014,99.405,0.471,49.4458465927795,19,0.021,1.91704158893888,26.555233110925,0.426733101751613,0.759259259259259
"TC145-C57-DIV25_A","hpc",25,8.7,1.636,99.366,0.479,74.6625699550093,15,0.0162,2.10249094699879,21.3362609942813,0.412288278729122,0.622641509433962
"TC175-C57-DIV25_APV_A","hpc",25,1.5,1.094,52.788,0.742,12.1790651744569,12,0.00610714285714288,0.472898836954136,15.3796228867773,0.299345968702471,0.6
"TC176-C57-DIV25_A","hpc",25,5.7,1.545,99.589,0.436,43.1252057500274,15,0.0143,1.91539558871941,27.3218314534013,0.478062206262548,0.777777777777778
"TC177-C57-DIV25_APV_A","hpc",25,1.8,1.013,81.683,0.469,16.7910447761194,15,0.00911249999999998,0.441725197541703,26.4129051251709,0.408476804407806,0.696428571428571
"TC178-C57-DIV25_APV_A","hpc",25,15,1.588,94.323,0.5,125.87228439763,16,0.0165,4.67467632214176,15.1253122470973,0.420320776893459,0.888888888888889
"TC89_DIV25_A","hpc",25,3.66,0.102,95.486,0.264,5.00219394471259,50.5,0.027972462406015,1.31856077226854,173.213999068043,0.803390939963102,0.474576271186441
"TC90_DIV25_A","hpc",25,2.94,0.104,67.703,0.56,9.741114523914,19,0.0151300990675991,0.709741114523914,124.12077920221,0.564055177165887,0.0172413793103448
"TC91-NB-C57-DIV25_A","hpc",25,3.3,0.1605,89.995,0.3235,8.68802106186924,44,0.0211934523809524,1.4918824045634,180.825706040067,0.757463853075252,0.338983050847458
"TC92-NB-C57-DIV25_A","hpc",25,1.68,0.0775,73.858,0.427,2.56719692814043,43,0.0174,0.390565002742732,170.005038773912,0.634229364722942,0.0677966101694915
"TC103-NB-C57-DIV28_A","hpc",28,7.62,1.8035,96.9385,0.502,78.8018433179724,24,0.018375,4.24786043449638,19.6232603096474,0.52261170282793,0.896551724137931
"TC103-NB-C57-DIV28_B","hpc",28,10.89,1.2555,91.0995,0.659,21.8564845292956,12,0.0115857142857143,0.741716041255212,15.9630798905493,0.241582397397358,0.725490196078431
"TC104-NB-C57-DIV28_A","hpc",28,7.32,2.09,99.805,0.634,94.161545215101,25,0.0125185439560439,3.99582967515364,20.2350421713606,0.556303749067083,0.932203389830508
"TC104-NB-C57-DIV28_B","hpc",28,7.86,1.668,96.8005,0.612,78.0948200175593,28,0.0242935606060606,5.10261194029851,31.7484307934387,0.562510784524738,0.758620689655172
"TC107-NB-C57-DIV28_A","hpc",28,2.58,0.413,69.081,0.498,9.08691834942932,31,0.021625,0.970149253731343,94.0077491941517,0.598291721473142,0.314814814814815
"TC108-NB-C57-DIV28_A","hpc",28,2.82,0.3385,75.021,0.4485,8.29675153643547,28,0.020688141025641,0.722124670763828,62.4301896920947,0.498919760978412,0.163636363636364
"TC127-NB-C57-DIV28_A","hpc",28,13.8,0.073,57.757,0.656,26.9315188762072,14,0.0245,1.66703248463565,125.064380068694,0.284129837597149,0.214285714285714
"TC128-NB-C57-DIV28_A","hpc",28,3.9,0.104,26.365,1.073,16.8568920105356,18,0.0206583333333333,0.701821773485514,102.84967294017,0.350850993827915,0.0740740740740741
"TC137-NB-C57-DIV28_A","hpc",28,6.6,0.9155,99.9875,0.21,35.1585646878086,34,0.03748125,7.76198836826512,84.569183796011,0.67652190185996,0.910714285714286
"TC138-NB-C57-DIV28_A","hpc",28,9.06,0.147,85.746,0.508,17.645122352683,25,0.0241339285714286,1.72720289696039,88.3943855890023,0.485948103612826,0.0862068965517241
"TC175-C57-DIV28_APV_A","hpc",28,1.2,0.932,34.008,0.619,2.36998025016458,14,0.0107878787878788,0.339587447882379,13.4039230045016,0.289245583157282,0.605263157894737
"TC176-C57-DIV28_A","hpc",28,4.62,1.537,99.9015,0.426,34.4925946242457,14,0.019875,2.51563357103675,47.1534891755497,0.506416898900313,0.75
"TC177-C57-DIV28_APV_A","hpc",28,1.56,1.1085,37.4515,1.014,13.2982225148124,12,0.00747916666666667,0.423524248409041,23.623777672589,0.266342382816206,0.545454545454545
"TC178-C57-DIV28_APV_A","hpc",28,4.26,0.792,95.114,0.255,30.4805793285056,18,0.012,0.732938336624973,22.5263320378098,0.542187515923581,0.792452830188679
"TC91-NB-C57-DIV28_A","hpc",28,3.54,0.144,95.109,0.252,6.38507953922106,51,0.0307411764705882,1.65770707624794,173.076417590959,0.763397096998375,0.135593220338983
"TC92-NB-C57-DIV28_A","hpc",28,2.13,0.0695,79.5045,0.485,2.89664252797893,41,0.018625,0.485516787360105,161.243456894309,0.701871615926099,0.178571428571429
